--liquibase formatted sql

-- changeset zq:1.01
INSERT IGNORE INTO  `table_mapping` (`id`, `rule_name`, `type`, `is_active`, `description`, `creator`, `create_time`, `updater`, `update_time`) VALUES (1, '供应商', '1', 1, '华创传U8', NULL, '2025-07-19 15:26:17', NULL, '2025-07-19 15:39:18');
INSERT IGNORE INTO  `table_mapping` (`id`, `rule_name`, `type`, `is_active`, `description`, `creator`, `create_time`, `updater`, `update_time`) VALUES (2, '部门映射', '2', 1, '华创映射U8', NULL, '2025-07-19 15:11:04', NULL, '2025-07-19 15:11:04');

-- changeset zq:1.02
INSERT IGNORE INTO  `column_mapping` (`id`, `table_mapping_id`, `source_column_name`, `target_column_name`, `description`, `creator`, `create_time`, `updater`, `update_time`) VALUES (1, 1, 'FSupplierNumber', 'csupId', '供应商', NULL, '2025-07-19 15:27:22', NULL, '2025-07-23 10:14:48');
INSERT IGNORE INTO  `column_mapping` (`id`, `table_mapping_id`, `source_column_name`, `target_column_name`, `description`, `creator`, `create_time`, `updater`, `update_time`) VALUES (2, 2, 'FDepNumber', 'cdeptId', '部门', NULL, '2025-07-19 15:12:19', NULL, '2025-07-23 10:14:44');
-- changeset zq:1.03
INSERT IGNORE INTO `value_mapping` (`id`, `column_mapping_id`, `source_value`, `target_value`, `creator`, `create_time`, `updater`, `update_time`) VALUES (1, 1, '010005', '010005', NULL, '2025-07-23 10:23:49', NULL, '2025-08-13 12:40:21');
INSERT IGNORE INTO `value_mapping` (`id`, `column_mapping_id`, `source_value`, `target_value`, `creator`, `create_time`, `updater`, `update_time`) VALUES (2, 1, '010007', '010007', NULL, '2025-07-23 10:23:49', NULL, '2025-08-13 12:40:21');
INSERT IGNORE INTO `value_mapping` (`id`, `column_mapping_id`, `source_value`, `target_value`, `creator`, `create_time`, `updater`, `update_time`) VALUES (3, 1, '010009', '010009', NULL, '2025-07-23 10:23:49', NULL, '2025-08-13 12:40:21');
INSERT IGNORE INTO `value_mapping` (`id`, `column_mapping_id`, `source_value`, `target_value`, `creator`, `create_time`, `updater`, `update_time`) VALUES (4, 1, '010011', '010011', NULL, '2025-07-23 10:23:49', NULL, '2025-08-13 12:40:21');
INSERT IGNORE INTO `value_mapping` (`id`, `column_mapping_id`, `source_value`, `target_value`, `creator`, `create_time`, `updater`, `update_time`) VALUES (5, 1, '010012', '010012', NULL, '2025-07-23 10:23:49', NULL, '2025-08-13 12:40:21');
INSERT IGNORE INTO `value_mapping` (`id`, `column_mapping_id`, `source_value`, `target_value`, `creator`, `create_time`, `updater`, `update_time`) VALUES (6, 1, '010016', '010016', NULL, '2025-07-23 10:23:49', NULL, '2025-08-13 12:40:21');
INSERT IGNORE INTO `value_mapping` (`id`, `column_mapping_id`, `source_value`, `target_value`, `creator`, `create_time`, `updater`, `update_time`) VALUES (7, 1, '010019', '010019', NULL, '2025-07-23 10:23:49', NULL, '2025-08-13 12:40:21');
INSERT IGNORE INTO `value_mapping` (`id`, `column_mapping_id`, `source_value`, `target_value`, `creator`, `create_time`, `updater`, `update_time`) VALUES (8, 1, '010025', '010025', NULL, '2025-07-23 10:23:49', NULL, '2025-08-13 12:40:21');
INSERT IGNORE INTO `value_mapping` (`id`, `column_mapping_id`, `source_value`, `target_value`, `creator`, `create_time`, `updater`, `update_time`) VALUES (9, 1, '010033', '010033', NULL, '2025-07-23 10:23:49', NULL, '2025-08-13 12:40:21');
INSERT IGNORE INTO `value_mapping` (`id`, `column_mapping_id`, `source_value`, `target_value`, `creator`, `create_time`, `updater`, `update_time`) VALUES (10, 1, '010035', '010035', NULL, '2025-07-23 10:23:49', NULL, '2025-08-13 12:40:21');
INSERT IGNORE INTO `value_mapping` (`id`, `column_mapping_id`, `source_value`, `target_value`, `creator`, `create_time`, `updater`, `update_time`) VALUES (11, 1, '010037', '010037', NULL, '2025-07-23 10:23:49', NULL, '2025-08-13 12:40:21');
INSERT IGNORE INTO `value_mapping` (`id`, `column_mapping_id`, `source_value`, `target_value`, `creator`, `create_time`, `updater`, `update_time`) VALUES (12, 1, '010038', '010038', NULL, '2025-07-23 10:23:49', NULL, '2025-08-13 12:40:21');
INSERT IGNORE INTO `value_mapping` (`id`, `column_mapping_id`, `source_value`, `target_value`, `creator`, `create_time`, `updater`, `update_time`) VALUES (13, 1, '010039', '010039', NULL, '2025-07-23 10:23:49', NULL, '2025-08-13 12:40:21');
INSERT IGNORE INTO `value_mapping` (`id`, `column_mapping_id`, `source_value`, `target_value`, `creator`, `create_time`, `updater`, `update_time`) VALUES (14, 1, '010045', '010045', NULL, '2025-07-23 10:23:49', NULL, '2025-08-13 12:40:21');
INSERT IGNORE INTO `value_mapping` (`id`, `column_mapping_id`, `source_value`, `target_value`, `creator`, `create_time`, `updater`, `update_time`) VALUES (15, 1, '010046', '010046', NULL, '2025-07-23 10:23:49', NULL, '2025-08-13 12:40:21');
INSERT IGNORE INTO `value_mapping` (`id`, `column_mapping_id`, `source_value`, `target_value`, `creator`, `create_time`, `updater`, `update_time`) VALUES (16, 1, '010047', '010047', NULL, '2025-07-23 10:23:49', NULL, '2025-08-13 12:40:21');
INSERT IGNORE INTO `value_mapping` (`id`, `column_mapping_id`, `source_value`, `target_value`, `creator`, `create_time`, `updater`, `update_time`) VALUES (17, 1, '010049', '010049', NULL, '2025-07-23 10:23:49', NULL, '2025-08-13 12:40:21');
INSERT IGNORE INTO `value_mapping` (`id`, `column_mapping_id`, `source_value`, `target_value`, `creator`, `create_time`, `updater`, `update_time`) VALUES (18, 1, '010050', '010050', NULL, '2025-07-23 10:23:49', NULL, '2025-08-13 12:40:21');
INSERT IGNORE INTO `value_mapping` (`id`, `column_mapping_id`, `source_value`, `target_value`, `creator`, `create_time`, `updater`, `update_time`) VALUES (19, 1, '010057', '010057', NULL, '2025-07-23 10:23:49', NULL, '2025-08-13 12:40:21');
INSERT IGNORE INTO `value_mapping` (`id`, `column_mapping_id`, `source_value`, `target_value`, `creator`, `create_time`, `updater`, `update_time`) VALUES (20, 1, '010060', '010060', NULL, '2025-07-23 10:23:49', NULL, '2025-08-13 12:40:21');
INSERT IGNORE INTO `value_mapping` (`id`, `column_mapping_id`, `source_value`, `target_value`, `creator`, `create_time`, `updater`, `update_time`) VALUES (21, 1, '010063', '010063', NULL, '2025-07-23 10:23:49', NULL, '2025-08-13 12:40:21');
INSERT IGNORE INTO `value_mapping` (`id`, `column_mapping_id`, `source_value`, `target_value`, `creator`, `create_time`, `updater`, `update_time`) VALUES (22, 1, '010067', '010067', NULL, '2025-07-23 10:23:49', NULL, '2025-08-13 12:40:21');
INSERT IGNORE INTO `value_mapping` (`id`, `column_mapping_id`, `source_value`, `target_value`, `creator`, `create_time`, `updater`, `update_time`) VALUES (23, 1, '010069', '010069', NULL, '2025-07-23 10:23:49', NULL, '2025-08-13 12:40:21');
INSERT IGNORE INTO `value_mapping` (`id`, `column_mapping_id`, `source_value`, `target_value`, `creator`, `create_time`, `updater`, `update_time`) VALUES (24, 1, '010080', '010080', NULL, '2025-07-23 10:23:49', NULL, '2025-08-13 12:40:21');
INSERT IGNORE INTO `value_mapping` (`id`, `column_mapping_id`, `source_value`, `target_value`, `creator`, `create_time`, `updater`, `update_time`) VALUES (25, 1, '010082', '010082', NULL, '2025-07-23 10:23:49', NULL, '2025-08-13 12:40:21');
INSERT IGNORE INTO `value_mapping` (`id`, `column_mapping_id`, `source_value`, `target_value`, `creator`, `create_time`, `updater`, `update_time`) VALUES (26, 1, '010083', '010083', NULL, '2025-07-23 10:23:49', NULL, '2025-08-13 12:40:21');
INSERT IGNORE INTO `value_mapping` (`id`, `column_mapping_id`, `source_value`, `target_value`, `creator`, `create_time`, `updater`, `update_time`) VALUES (27, 1, '010084', '010084', NULL, '2025-07-23 10:23:49', NULL, '2025-08-13 12:40:21');
INSERT IGNORE INTO `value_mapping` (`id`, `column_mapping_id`, `source_value`, `target_value`, `creator`, `create_time`, `updater`, `update_time`) VALUES (28, 1, '010086', '010086', NULL, '2025-07-23 10:23:49', NULL, '2025-08-13 12:40:21');
INSERT IGNORE INTO `value_mapping` (`id`, `column_mapping_id`, `source_value`, `target_value`, `creator`, `create_time`, `updater`, `update_time`) VALUES (29, 1, '010098', '010098', NULL, '2025-07-23 10:23:49', NULL, '2025-08-13 12:40:21');
INSERT IGNORE INTO `value_mapping` (`id`, `column_mapping_id`, `source_value`, `target_value`, `creator`, `create_time`, `updater`, `update_time`) VALUES (30, 1, '010102', '010102', NULL, '2025-07-23 10:23:49', NULL, '2025-08-13 12:40:21');
INSERT IGNORE INTO `value_mapping` (`id`, `column_mapping_id`, `source_value`, `target_value`, `creator`, `create_time`, `updater`, `update_time`) VALUES (31, 1, '010121', '010121', NULL, '2025-07-23 10:23:49', NULL, '2025-08-13 12:40:21');
INSERT IGNORE INTO `value_mapping` (`id`, `column_mapping_id`, `source_value`, `target_value`, `creator`, `create_time`, `updater`, `update_time`) VALUES (32, 1, '010126', '010126', NULL, '2025-07-23 10:23:49', NULL, '2025-08-13 12:40:21');
INSERT IGNORE INTO `value_mapping` (`id`, `column_mapping_id`, `source_value`, `target_value`, `creator`, `create_time`, `updater`, `update_time`) VALUES (33, 1, '010135', '010135', NULL, '2025-07-23 10:23:49', NULL, '2025-08-13 12:40:21');
INSERT IGNORE INTO `value_mapping` (`id`, `column_mapping_id`, `source_value`, `target_value`, `creator`, `create_time`, `updater`, `update_time`) VALUES (34, 1, '010137', '010137', NULL, '2025-07-23 10:23:49', NULL, '2025-08-13 12:40:21');
INSERT IGNORE INTO `value_mapping` (`id`, `column_mapping_id`, `source_value`, `target_value`, `creator`, `create_time`, `updater`, `update_time`) VALUES (35, 1, '010142', '010142', NULL, '2025-07-23 10:23:49', NULL, '2025-08-13 12:40:21');
INSERT IGNORE INTO `value_mapping` (`id`, `column_mapping_id`, `source_value`, `target_value`, `creator`, `create_time`, `updater`, `update_time`) VALUES (36, 1, '010147', '010147', NULL, '2025-07-23 10:23:49', NULL, '2025-08-13 12:40:21');
INSERT IGNORE INTO `value_mapping` (`id`, `column_mapping_id`, `source_value`, `target_value`, `creator`, `create_time`, `updater`, `update_time`) VALUES (37, 1, '010155', '010155', NULL, '2025-07-23 10:23:49', NULL, '2025-08-13 12:40:21');
INSERT IGNORE INTO `value_mapping` (`id`, `column_mapping_id`, `source_value`, `target_value`, `creator`, `create_time`, `updater`, `update_time`) VALUES (38, 1, '010157', '010157', NULL, '2025-07-23 10:23:49', NULL, '2025-08-13 12:40:21');
INSERT IGNORE INTO `value_mapping` (`id`, `column_mapping_id`, `source_value`, `target_value`, `creator`, `create_time`, `updater`, `update_time`) VALUES (39, 1, '010161', '010161', NULL, '2025-07-23 10:23:49', NULL, '2025-08-13 12:40:21');
INSERT IGNORE INTO `value_mapping` (`id`, `column_mapping_id`, `source_value`, `target_value`, `creator`, `create_time`, `updater`, `update_time`) VALUES (40, 1, '010169', '010169', NULL, '2025-07-23 10:23:49', NULL, '2025-08-13 12:40:21');
INSERT IGNORE INTO `value_mapping` (`id`, `column_mapping_id`, `source_value`, `target_value`, `creator`, `create_time`, `updater`, `update_time`) VALUES (41, 1, '010179', '010179', NULL, '2025-07-23 10:23:49', NULL, '2025-08-13 12:40:21');
INSERT IGNORE INTO `value_mapping` (`id`, `column_mapping_id`, `source_value`, `target_value`, `creator`, `create_time`, `updater`, `update_time`) VALUES (42, 1, '010206', '010206', NULL, '2025-07-23 10:23:49', NULL, '2025-08-13 12:40:21');
INSERT IGNORE INTO `value_mapping` (`id`, `column_mapping_id`, `source_value`, `target_value`, `creator`, `create_time`, `updater`, `update_time`) VALUES (43, 1, '010220', '010220', NULL, '2025-07-23 10:23:49', NULL, '2025-08-13 12:40:21');
INSERT IGNORE INTO `value_mapping` (`id`, `column_mapping_id`, `source_value`, `target_value`, `creator`, `create_time`, `updater`, `update_time`) VALUES (44, 1, '010230', '010230', NULL, '2025-07-23 10:23:49', NULL, '2025-08-13 12:40:21');
INSERT IGNORE INTO `value_mapping` (`id`, `column_mapping_id`, `source_value`, `target_value`, `creator`, `create_time`, `updater`, `update_time`) VALUES (45, 1, '010231', '010231', NULL, '2025-07-23 10:23:49', NULL, '2025-08-13 12:40:21');
INSERT IGNORE INTO `value_mapping` (`id`, `column_mapping_id`, `source_value`, `target_value`, `creator`, `create_time`, `updater`, `update_time`) VALUES (46, 1, '010232', '010232', NULL, '2025-07-23 10:23:49', NULL, '2025-08-13 12:40:21');
INSERT IGNORE INTO `value_mapping` (`id`, `column_mapping_id`, `source_value`, `target_value`, `creator`, `create_time`, `updater`, `update_time`) VALUES (47, 1, '010240', '010240', NULL, '2025-07-23 10:23:49', NULL, '2025-08-13 12:40:21');
INSERT IGNORE INTO `value_mapping` (`id`, `column_mapping_id`, `source_value`, `target_value`, `creator`, `create_time`, `updater`, `update_time`) VALUES (48, 1, '010241', '010241', NULL, '2025-07-23 10:23:49', NULL, '2025-08-13 12:40:21');
INSERT IGNORE INTO `value_mapping` (`id`, `column_mapping_id`, `source_value`, `target_value`, `creator`, `create_time`, `updater`, `update_time`) VALUES (49, 1, '010245', '010245', NULL, '2025-07-23 10:23:49', NULL, '2025-08-13 12:40:21');
INSERT IGNORE INTO `value_mapping` (`id`, `column_mapping_id`, `source_value`, `target_value`, `creator`, `create_time`, `updater`, `update_time`) VALUES (50, 1, '010246', '010246', NULL, '2025-07-23 10:23:49', NULL, '2025-08-13 12:40:21');
INSERT IGNORE INTO `value_mapping` (`id`, `column_mapping_id`, `source_value`, `target_value`, `creator`, `create_time`, `updater`, `update_time`) VALUES (51, 1, '010248', '010248', NULL, '2025-07-23 10:23:49', NULL, '2025-08-13 12:40:21');
INSERT IGNORE INTO `value_mapping` (`id`, `column_mapping_id`, `source_value`, `target_value`, `creator`, `create_time`, `updater`, `update_time`) VALUES (52, 1, '010261', '010261', NULL, '2025-07-23 10:23:49', NULL, '2025-08-13 12:40:21');
INSERT IGNORE INTO `value_mapping` (`id`, `column_mapping_id`, `source_value`, `target_value`, `creator`, `create_time`, `updater`, `update_time`) VALUES (53, 1, '010269', '010269', NULL, '2025-07-23 10:23:49', NULL, '2025-08-13 12:40:21');
INSERT IGNORE INTO `value_mapping` (`id`, `column_mapping_id`, `source_value`, `target_value`, `creator`, `create_time`, `updater`, `update_time`) VALUES (54, 1, '010274', '010274', NULL, '2025-07-23 10:23:49', NULL, '2025-08-13 12:40:21');
INSERT IGNORE INTO `value_mapping` (`id`, `column_mapping_id`, `source_value`, `target_value`, `creator`, `create_time`, `updater`, `update_time`) VALUES (55, 1, '010280', '010280', NULL, '2025-07-23 10:23:49', NULL, '2025-08-13 12:40:21');
INSERT IGNORE INTO `value_mapping` (`id`, `column_mapping_id`, `source_value`, `target_value`, `creator`, `create_time`, `updater`, `update_time`) VALUES (56, 1, '010295', '010295', NULL, '2025-07-23 10:23:49', NULL, '2025-08-13 12:40:21');
INSERT IGNORE INTO `value_mapping` (`id`, `column_mapping_id`, `source_value`, `target_value`, `creator`, `create_time`, `updater`, `update_time`) VALUES (57, 1, '010300', '010300', NULL, '2025-07-23 10:23:49', NULL, '2025-08-13 12:40:21');
INSERT IGNORE INTO `value_mapping` (`id`, `column_mapping_id`, `source_value`, `target_value`, `creator`, `create_time`, `updater`, `update_time`) VALUES (58, 1, '010310', '010310', NULL, '2025-07-23 10:23:49', NULL, '2025-08-13 12:40:21');
INSERT IGNORE INTO `value_mapping` (`id`, `column_mapping_id`, `source_value`, `target_value`, `creator`, `create_time`, `updater`, `update_time`) VALUES (59, 1, '010319', '010319', NULL, '2025-07-23 10:23:49', NULL, '2025-08-13 12:40:21');
INSERT IGNORE INTO `value_mapping` (`id`, `column_mapping_id`, `source_value`, `target_value`, `creator`, `create_time`, `updater`, `update_time`) VALUES (60, 1, '010321', '010321', NULL, '2025-07-23 10:23:49', NULL, '2025-08-13 12:40:21');
INSERT IGNORE INTO `value_mapping` (`id`, `column_mapping_id`, `source_value`, `target_value`, `creator`, `create_time`, `updater`, `update_time`) VALUES (61, 1, '010327', '010327', NULL, '2025-07-23 10:23:49', NULL, '2025-08-13 12:40:21');
INSERT IGNORE INTO `value_mapping` (`id`, `column_mapping_id`, `source_value`, `target_value`, `creator`, `create_time`, `updater`, `update_time`) VALUES (62, 1, '010335', '010335', NULL, '2025-07-23 10:23:49', NULL, '2025-08-13 12:40:21');
INSERT IGNORE INTO `value_mapping` (`id`, `column_mapping_id`, `source_value`, `target_value`, `creator`, `create_time`, `updater`, `update_time`) VALUES (63, 1, '010351', '010351', NULL, '2025-07-23 10:23:49', NULL, '2025-08-13 12:40:21');
INSERT IGNORE INTO `value_mapping` (`id`, `column_mapping_id`, `source_value`, `target_value`, `creator`, `create_time`, `updater`, `update_time`) VALUES (64, 1, '010355', '010355', NULL, '2025-07-23 10:23:49', NULL, '2025-08-13 12:40:21');
INSERT IGNORE INTO `value_mapping` (`id`, `column_mapping_id`, `source_value`, `target_value`, `creator`, `create_time`, `updater`, `update_time`) VALUES (65, 1, '010361', '010361', NULL, '2025-07-23 10:23:49', NULL, '2025-08-13 12:40:21');
INSERT IGNORE INTO `value_mapping` (`id`, `column_mapping_id`, `source_value`, `target_value`, `creator`, `create_time`, `updater`, `update_time`) VALUES (66, 1, '010362', '010362', NULL, '2025-07-23 10:23:49', NULL, '2025-08-13 12:40:21');
INSERT IGNORE INTO `value_mapping` (`id`, `column_mapping_id`, `source_value`, `target_value`, `creator`, `create_time`, `updater`, `update_time`) VALUES (67, 1, '010369', '010369', NULL, '2025-07-23 10:23:49', NULL, '2025-08-13 12:40:21');
INSERT IGNORE INTO `value_mapping` (`id`, `column_mapping_id`, `source_value`, `target_value`, `creator`, `create_time`, `updater`, `update_time`) VALUES (68, 1, '010374', '010374', NULL, '2025-07-23 10:23:49', NULL, '2025-08-13 12:40:21');
INSERT IGNORE INTO `value_mapping` (`id`, `column_mapping_id`, `source_value`, `target_value`, `creator`, `create_time`, `updater`, `update_time`) VALUES (69, 1, '010376', '010376', NULL, '2025-07-23 10:23:49', NULL, '2025-08-13 12:40:21');
INSERT IGNORE INTO `value_mapping` (`id`, `column_mapping_id`, `source_value`, `target_value`, `creator`, `create_time`, `updater`, `update_time`) VALUES (70, 1, '010381', '010381', NULL, '2025-07-23 10:23:49', NULL, '2025-08-13 12:40:21');
INSERT IGNORE INTO `value_mapping` (`id`, `column_mapping_id`, `source_value`, `target_value`, `creator`, `create_time`, `updater`, `update_time`) VALUES (71, 1, '010389', '010389', NULL, '2025-07-23 10:23:49', NULL, '2025-08-13 12:40:21');
INSERT IGNORE INTO `value_mapping` (`id`, `column_mapping_id`, `source_value`, `target_value`, `creator`, `create_time`, `updater`, `update_time`) VALUES (72, 1, '010392', '010392', NULL, '2025-07-23 10:23:49', NULL, '2025-08-13 12:40:21');
INSERT IGNORE INTO `value_mapping` (`id`, `column_mapping_id`, `source_value`, `target_value`, `creator`, `create_time`, `updater`, `update_time`) VALUES (73, 1, '010399', '010399', NULL, '2025-07-23 10:23:49', NULL, '2025-08-13 12:40:21');
INSERT IGNORE INTO `value_mapping` (`id`, `column_mapping_id`, `source_value`, `target_value`, `creator`, `create_time`, `updater`, `update_time`) VALUES (74, 1, '010400', '010400', NULL, '2025-07-23 10:23:49', NULL, '2025-08-13 12:40:21');
INSERT IGNORE INTO `value_mapping` (`id`, `column_mapping_id`, `source_value`, `target_value`, `creator`, `create_time`, `updater`, `update_time`) VALUES (75, 1, '010434', '010434', NULL, '2025-07-23 10:23:49', NULL, '2025-08-13 12:40:21');
INSERT IGNORE INTO `value_mapping` (`id`, `column_mapping_id`, `source_value`, `target_value`, `creator`, `create_time`, `updater`, `update_time`) VALUES (76, 1, '010435', '010435', NULL, '2025-07-23 10:23:49', NULL, '2025-08-13 12:40:21');
INSERT IGNORE INTO `value_mapping` (`id`, `column_mapping_id`, `source_value`, `target_value`, `creator`, `create_time`, `updater`, `update_time`) VALUES (77, 1, '010446', '010446', NULL, '2025-07-23 10:23:49', NULL, '2025-08-13 12:40:21');
INSERT IGNORE INTO `value_mapping` (`id`, `column_mapping_id`, `source_value`, `target_value`, `creator`, `create_time`, `updater`, `update_time`) VALUES (78, 1, '010460', '010460', NULL, '2025-07-23 10:23:49', NULL, '2025-08-13 12:40:21');
INSERT IGNORE INTO `value_mapping` (`id`, `column_mapping_id`, `source_value`, `target_value`, `creator`, `create_time`, `updater`, `update_time`) VALUES (79, 1, '010464', '010464', NULL, '2025-07-23 10:23:49', NULL, '2025-08-13 12:40:21');
INSERT IGNORE INTO `value_mapping` (`id`, `column_mapping_id`, `source_value`, `target_value`, `creator`, `create_time`, `updater`, `update_time`) VALUES (80, 1, '010467', '010467', NULL, '2025-07-23 10:23:49', NULL, '2025-08-13 12:40:21');
INSERT IGNORE INTO `value_mapping` (`id`, `column_mapping_id`, `source_value`, `target_value`, `creator`, `create_time`, `updater`, `update_time`) VALUES (81, 1, '010469', '010469', NULL, '2025-07-23 10:23:49', NULL, '2025-08-13 12:40:21');
INSERT IGNORE INTO `value_mapping` (`id`, `column_mapping_id`, `source_value`, `target_value`, `creator`, `create_time`, `updater`, `update_time`) VALUES (82, 1, '010478', '010478', NULL, '2025-07-23 10:23:49', NULL, '2025-08-13 12:40:21');
INSERT IGNORE INTO `value_mapping` (`id`, `column_mapping_id`, `source_value`, `target_value`, `creator`, `create_time`, `updater`, `update_time`) VALUES (83, 1, '010483', '010483', NULL, '2025-07-23 10:23:49', NULL, '2025-08-13 12:40:21');
INSERT IGNORE INTO `value_mapping` (`id`, `column_mapping_id`, `source_value`, `target_value`, `creator`, `create_time`, `updater`, `update_time`) VALUES (84, 1, '010491', '010491', NULL, '2025-07-23 10:23:49', NULL, '2025-08-13 12:40:21');
INSERT IGNORE INTO `value_mapping` (`id`, `column_mapping_id`, `source_value`, `target_value`, `creator`, `create_time`, `updater`, `update_time`) VALUES (85, 1, '010495', '010495', NULL, '2025-07-23 10:23:49', NULL, '2025-08-13 12:40:21');
INSERT IGNORE INTO `value_mapping` (`id`, `column_mapping_id`, `source_value`, `target_value`, `creator`, `create_time`, `updater`, `update_time`) VALUES (86, 1, '010510', '010510', NULL, '2025-07-23 10:23:49', NULL, '2025-08-13 12:40:21');
INSERT IGNORE INTO `value_mapping` (`id`, `column_mapping_id`, `source_value`, `target_value`, `creator`, `create_time`, `updater`, `update_time`) VALUES (87, 1, '010514', '010514', NULL, '2025-07-23 10:23:49', NULL, '2025-08-13 12:40:21');
INSERT IGNORE INTO `value_mapping` (`id`, `column_mapping_id`, `source_value`, `target_value`, `creator`, `create_time`, `updater`, `update_time`) VALUES (88, 1, '010515', '010515', NULL, '2025-07-23 10:23:49', NULL, '2025-08-13 12:40:21');
INSERT IGNORE INTO `value_mapping` (`id`, `column_mapping_id`, `source_value`, `target_value`, `creator`, `create_time`, `updater`, `update_time`) VALUES (89, 1, '010516', '010516', NULL, '2025-07-23 10:23:49', NULL, '2025-08-13 12:40:21');
INSERT IGNORE INTO `value_mapping` (`id`, `column_mapping_id`, `source_value`, `target_value`, `creator`, `create_time`, `updater`, `update_time`) VALUES (90, 1, '010524', '010524', NULL, '2025-07-23 10:23:49', NULL, '2025-08-13 12:40:21');
INSERT IGNORE INTO `value_mapping` (`id`, `column_mapping_id`, `source_value`, `target_value`, `creator`, `create_time`, `updater`, `update_time`) VALUES (91, 1, '010527', '010527', NULL, '2025-07-23 10:23:49', NULL, '2025-08-13 12:40:21');
INSERT IGNORE INTO `value_mapping` (`id`, `column_mapping_id`, `source_value`, `target_value`, `creator`, `create_time`, `updater`, `update_time`) VALUES (92, 1, '010528', '010528', NULL, '2025-07-23 10:23:49', NULL, '2025-08-13 12:40:21');
INSERT IGNORE INTO `value_mapping` (`id`, `column_mapping_id`, `source_value`, `target_value`, `creator`, `create_time`, `updater`, `update_time`) VALUES (93, 1, '010538', '010538', NULL, '2025-07-23 10:23:49', NULL, '2025-08-13 12:40:21');
INSERT IGNORE INTO `value_mapping` (`id`, `column_mapping_id`, `source_value`, `target_value`, `creator`, `create_time`, `updater`, `update_time`) VALUES (94, 1, '010550', '010550', NULL, '2025-07-23 10:23:49', NULL, '2025-08-13 12:40:21');
INSERT IGNORE INTO `value_mapping` (`id`, `column_mapping_id`, `source_value`, `target_value`, `creator`, `create_time`, `updater`, `update_time`) VALUES (95, 1, '010554', '010554', NULL, '2025-07-23 10:23:49', NULL, '2025-08-13 12:40:21');
INSERT IGNORE INTO `value_mapping` (`id`, `column_mapping_id`, `source_value`, `target_value`, `creator`, `create_time`, `updater`, `update_time`) VALUES (96, 1, '010560', '010560', NULL, '2025-07-23 10:23:49', NULL, '2025-08-13 12:40:21');
INSERT IGNORE INTO `value_mapping` (`id`, `column_mapping_id`, `source_value`, `target_value`, `creator`, `create_time`, `updater`, `update_time`) VALUES (97, 1, '010561', '010561', NULL, '2025-07-23 10:23:49', NULL, '2025-08-13 12:40:21');
INSERT IGNORE INTO `value_mapping` (`id`, `column_mapping_id`, `source_value`, `target_value`, `creator`, `create_time`, `updater`, `update_time`) VALUES (98, 1, '010562', '010562', NULL, '2025-07-23 10:23:49', NULL, '2025-08-13 12:40:21');
INSERT IGNORE INTO `value_mapping` (`id`, `column_mapping_id`, `source_value`, `target_value`, `creator`, `create_time`, `updater`, `update_time`) VALUES (99, 1, '010563', '010563', NULL, '2025-07-23 10:23:49', NULL, '2025-08-13 12:40:21');
INSERT IGNORE INTO `value_mapping` (`id`, `column_mapping_id`, `source_value`, `target_value`, `creator`, `create_time`, `updater`, `update_time`) VALUES (100, 1, '010564', '010564', NULL, '2025-07-23 10:23:49', NULL, '2025-08-13 12:40:21');
INSERT IGNORE INTO `value_mapping` (`id`, `column_mapping_id`, `source_value`, `target_value`, `creator`, `create_time`, `updater`, `update_time`) VALUES (101, 1, '010565', '010565', NULL, '2025-07-23 10:23:49', NULL, '2025-08-13 12:40:21');
INSERT IGNORE INTO `value_mapping` (`id`, `column_mapping_id`, `source_value`, `target_value`, `creator`, `create_time`, `updater`, `update_time`) VALUES (102, 1, '010566', '010566', NULL, '2025-07-23 10:23:49', NULL, '2025-08-13 12:40:21');
INSERT IGNORE INTO `value_mapping` (`id`, `column_mapping_id`, `source_value`, `target_value`, `creator`, `create_time`, `updater`, `update_time`) VALUES (103, 1, '010572', '010572', NULL, '2025-07-23 10:23:49', NULL, '2025-08-13 12:40:21');
INSERT IGNORE INTO `value_mapping` (`id`, `column_mapping_id`, `source_value`, `target_value`, `creator`, `create_time`, `updater`, `update_time`) VALUES (104, 1, '010580', '010580', NULL, '2025-07-23 10:23:49', NULL, '2025-08-13 12:40:21');
INSERT IGNORE INTO `value_mapping` (`id`, `column_mapping_id`, `source_value`, `target_value`, `creator`, `create_time`, `updater`, `update_time`) VALUES (105, 1, '010583', '010583', NULL, '2025-07-23 10:23:49', NULL, '2025-08-13 12:40:21');
INSERT IGNORE INTO `value_mapping` (`id`, `column_mapping_id`, `source_value`, `target_value`, `creator`, `create_time`, `updater`, `update_time`) VALUES (106, 1, '010597', '010597', NULL, '2025-07-23 10:23:49', NULL, '2025-08-13 12:40:21');
INSERT IGNORE INTO `value_mapping` (`id`, `column_mapping_id`, `source_value`, `target_value`, `creator`, `create_time`, `updater`, `update_time`) VALUES (107, 1, '010602', '010602', NULL, '2025-07-23 10:23:49', NULL, '2025-08-13 12:40:21');
INSERT IGNORE INTO `value_mapping` (`id`, `column_mapping_id`, `source_value`, `target_value`, `creator`, `create_time`, `updater`, `update_time`) VALUES (108, 1, '010603', '010603', NULL, '2025-07-23 10:23:49', NULL, '2025-08-13 12:40:21');
INSERT IGNORE INTO `value_mapping` (`id`, `column_mapping_id`, `source_value`, `target_value`, `creator`, `create_time`, `updater`, `update_time`) VALUES (109, 1, '010604', '010604', NULL, '2025-07-23 10:23:49', NULL, '2025-08-13 12:40:21');
INSERT IGNORE INTO `value_mapping` (`id`, `column_mapping_id`, `source_value`, `target_value`, `creator`, `create_time`, `updater`, `update_time`) VALUES (110, 1, '010620', '010620', NULL, '2025-07-23 10:23:49', NULL, '2025-08-13 12:40:21');
INSERT IGNORE INTO `value_mapping` (`id`, `column_mapping_id`, `source_value`, `target_value`, `creator`, `create_time`, `updater`, `update_time`) VALUES (111, 1, '010631', '010631', NULL, '2025-07-23 10:23:49', NULL, '2025-08-13 12:40:21');
INSERT IGNORE INTO `value_mapping` (`id`, `column_mapping_id`, `source_value`, `target_value`, `creator`, `create_time`, `updater`, `update_time`) VALUES (112, 1, '010639', '010639', NULL, '2025-07-23 10:23:49', NULL, '2025-08-13 12:40:21');
INSERT IGNORE INTO `value_mapping` (`id`, `column_mapping_id`, `source_value`, `target_value`, `creator`, `create_time`, `updater`, `update_time`) VALUES (113, 1, '010645', '010645', NULL, '2025-07-23 10:23:49', NULL, '2025-08-13 12:40:21');
INSERT IGNORE INTO `value_mapping` (`id`, `column_mapping_id`, `source_value`, `target_value`, `creator`, `create_time`, `updater`, `update_time`) VALUES (114, 1, '010651', '010651', NULL, '2025-07-23 10:23:49', NULL, '2025-08-13 12:40:21');
INSERT IGNORE INTO `value_mapping` (`id`, `column_mapping_id`, `source_value`, `target_value`, `creator`, `create_time`, `updater`, `update_time`) VALUES (115, 1, '010653', '010653', NULL, '2025-07-23 10:23:49', NULL, '2025-08-13 12:40:21');
INSERT IGNORE INTO `value_mapping` (`id`, `column_mapping_id`, `source_value`, `target_value`, `creator`, `create_time`, `updater`, `update_time`) VALUES (116, 1, '010657', '010657', NULL, '2025-07-23 10:23:49', NULL, '2025-08-13 12:40:21');
INSERT IGNORE INTO `value_mapping` (`id`, `column_mapping_id`, `source_value`, `target_value`, `creator`, `create_time`, `updater`, `update_time`) VALUES (117, 1, '010660', '010660', NULL, '2025-07-23 10:23:49', NULL, '2025-08-13 12:40:21');
INSERT IGNORE INTO `value_mapping` (`id`, `column_mapping_id`, `source_value`, `target_value`, `creator`, `create_time`, `updater`, `update_time`) VALUES (118, 1, '010664', '010664', NULL, '2025-07-23 10:23:49', NULL, '2025-08-13 12:40:21');
INSERT IGNORE INTO `value_mapping` (`id`, `column_mapping_id`, `source_value`, `target_value`, `creator`, `create_time`, `updater`, `update_time`) VALUES (119, 1, '010668', '010668', NULL, '2025-07-23 10:23:49', NULL, '2025-08-13 12:40:21');
INSERT IGNORE INTO `value_mapping` (`id`, `column_mapping_id`, `source_value`, `target_value`, `creator`, `create_time`, `updater`, `update_time`) VALUES (120, 1, '010669', '010669', NULL, '2025-07-23 10:23:49', NULL, '2025-08-13 12:40:21');
INSERT IGNORE INTO `value_mapping` (`id`, `column_mapping_id`, `source_value`, `target_value`, `creator`, `create_time`, `updater`, `update_time`) VALUES (121, 1, '010672', '010672', NULL, '2025-07-23 10:23:49', NULL, '2025-08-13 12:40:21');
INSERT IGNORE INTO `value_mapping` (`id`, `column_mapping_id`, `source_value`, `target_value`, `creator`, `create_time`, `updater`, `update_time`) VALUES (122, 1, '010677', '010677', NULL, '2025-07-23 10:23:49', NULL, '2025-08-13 12:40:21');
INSERT IGNORE INTO `value_mapping` (`id`, `column_mapping_id`, `source_value`, `target_value`, `creator`, `create_time`, `updater`, `update_time`) VALUES (123, 1, '010680', '010680', NULL, '2025-07-23 10:23:49', NULL, '2025-08-13 12:40:21');
INSERT IGNORE INTO `value_mapping` (`id`, `column_mapping_id`, `source_value`, `target_value`, `creator`, `create_time`, `updater`, `update_time`) VALUES (124, 1, '010683', '010683', NULL, '2025-07-23 10:23:49', NULL, '2025-08-13 12:40:21');
INSERT IGNORE INTO `value_mapping` (`id`, `column_mapping_id`, `source_value`, `target_value`, `creator`, `create_time`, `updater`, `update_time`) VALUES (125, 1, '010684', '010684', NULL, '2025-07-23 10:23:49', NULL, '2025-08-13 12:40:21');
INSERT IGNORE INTO `value_mapping` (`id`, `column_mapping_id`, `source_value`, `target_value`, `creator`, `create_time`, `updater`, `update_time`) VALUES (126, 1, '010685', '010685', NULL, '2025-07-23 10:23:49', NULL, '2025-08-13 12:40:21');
INSERT IGNORE INTO `value_mapping` (`id`, `column_mapping_id`, `source_value`, `target_value`, `creator`, `create_time`, `updater`, `update_time`) VALUES (127, 1, '010689', '010689', NULL, '2025-07-23 10:23:49', NULL, '2025-08-13 12:40:21');
INSERT IGNORE INTO `value_mapping` (`id`, `column_mapping_id`, `source_value`, `target_value`, `creator`, `create_time`, `updater`, `update_time`) VALUES (128, 1, '010690', '010690', NULL, '2025-07-23 10:23:49', NULL, '2025-08-13 12:40:21');
INSERT IGNORE INTO `value_mapping` (`id`, `column_mapping_id`, `source_value`, `target_value`, `creator`, `create_time`, `updater`, `update_time`) VALUES (129, 1, '010694', '010694', NULL, '2025-07-23 10:23:49', NULL, '2025-08-13 12:40:21');
INSERT IGNORE INTO `value_mapping` (`id`, `column_mapping_id`, `source_value`, `target_value`, `creator`, `create_time`, `updater`, `update_time`) VALUES (130, 1, '010697', '010697', NULL, '2025-07-23 10:23:49', NULL, '2025-08-13 12:40:21');
INSERT IGNORE INTO `value_mapping` (`id`, `column_mapping_id`, `source_value`, `target_value`, `creator`, `create_time`, `updater`, `update_time`) VALUES (131, 1, '010699', '010699', NULL, '2025-07-23 10:23:49', NULL, '2025-08-13 12:40:21');
INSERT IGNORE INTO `value_mapping` (`id`, `column_mapping_id`, `source_value`, `target_value`, `creator`, `create_time`, `updater`, `update_time`) VALUES (132, 1, '010703', '010703', NULL, '2025-07-23 10:23:49', NULL, '2025-08-13 12:40:21');
INSERT IGNORE INTO `value_mapping` (`id`, `column_mapping_id`, `source_value`, `target_value`, `creator`, `create_time`, `updater`, `update_time`) VALUES (133, 1, '010705', '010705', NULL, '2025-07-23 10:23:49', NULL, '2025-08-13 12:40:21');
INSERT IGNORE INTO `value_mapping` (`id`, `column_mapping_id`, `source_value`, `target_value`, `creator`, `create_time`, `updater`, `update_time`) VALUES (134, 1, '010707', '010707', NULL, '2025-07-23 10:23:49', NULL, '2025-08-13 12:40:21');
INSERT IGNORE INTO `value_mapping` (`id`, `column_mapping_id`, `source_value`, `target_value`, `creator`, `create_time`, `updater`, `update_time`) VALUES (135, 1, '010709', '010709', NULL, '2025-07-23 10:23:49', NULL, '2025-08-13 12:40:21');
INSERT IGNORE INTO `value_mapping` (`id`, `column_mapping_id`, `source_value`, `target_value`, `creator`, `create_time`, `updater`, `update_time`) VALUES (136, 1, '010715', '010715', NULL, '2025-07-23 10:23:49', NULL, '2025-08-13 12:40:21');
INSERT IGNORE INTO `value_mapping` (`id`, `column_mapping_id`, `source_value`, `target_value`, `creator`, `create_time`, `updater`, `update_time`) VALUES (137, 1, '010717', '010717', NULL, '2025-07-23 10:23:49', NULL, '2025-08-13 12:40:21');
INSERT IGNORE INTO `value_mapping` (`id`, `column_mapping_id`, `source_value`, `target_value`, `creator`, `create_time`, `updater`, `update_time`) VALUES (138, 1, '010718', '010718', NULL, '2025-07-23 10:23:49', NULL, '2025-08-13 12:40:21');
INSERT IGNORE INTO `value_mapping` (`id`, `column_mapping_id`, `source_value`, `target_value`, `creator`, `create_time`, `updater`, `update_time`) VALUES (139, 1, '010719', '010719', NULL, '2025-07-23 10:23:49', NULL, '2025-08-13 12:40:21');
INSERT IGNORE INTO `value_mapping` (`id`, `column_mapping_id`, `source_value`, `target_value`, `creator`, `create_time`, `updater`, `update_time`) VALUES (140, 1, '010730', '010730', NULL, '2025-07-23 10:23:49', NULL, '2025-08-13 12:40:21');
INSERT IGNORE INTO `value_mapping` (`id`, `column_mapping_id`, `source_value`, `target_value`, `creator`, `create_time`, `updater`, `update_time`) VALUES (141, 1, '010737', '010737', NULL, '2025-07-23 10:23:49', NULL, '2025-08-13 12:40:21');
INSERT IGNORE INTO `value_mapping` (`id`, `column_mapping_id`, `source_value`, `target_value`, `creator`, `create_time`, `updater`, `update_time`) VALUES (142, 1, '010738', '010738', NULL, '2025-07-23 10:23:49', NULL, '2025-08-13 12:40:21');
INSERT IGNORE INTO `value_mapping` (`id`, `column_mapping_id`, `source_value`, `target_value`, `creator`, `create_time`, `updater`, `update_time`) VALUES (143, 1, '010740', '010740', NULL, '2025-07-23 10:23:49', NULL, '2025-08-13 12:40:21');
INSERT IGNORE INTO `value_mapping` (`id`, `column_mapping_id`, `source_value`, `target_value`, `creator`, `create_time`, `updater`, `update_time`) VALUES (144, 1, '010741', '010741', NULL, '2025-07-23 10:23:49', NULL, '2025-08-13 12:40:21');
INSERT IGNORE INTO `value_mapping` (`id`, `column_mapping_id`, `source_value`, `target_value`, `creator`, `create_time`, `updater`, `update_time`) VALUES (145, 1, '010742', '010742', NULL, '2025-07-23 10:23:49', NULL, '2025-08-13 12:40:21');
INSERT IGNORE INTO `value_mapping` (`id`, `column_mapping_id`, `source_value`, `target_value`, `creator`, `create_time`, `updater`, `update_time`) VALUES (146, 1, '010743', '010743', NULL, '2025-07-23 10:23:49', NULL, '2025-08-13 12:40:21');
INSERT IGNORE INTO `value_mapping` (`id`, `column_mapping_id`, `source_value`, `target_value`, `creator`, `create_time`, `updater`, `update_time`) VALUES (147, 1, '010744', '010744', NULL, '2025-07-23 10:23:49', NULL, '2025-08-13 12:40:21');
INSERT IGNORE INTO `value_mapping` (`id`, `column_mapping_id`, `source_value`, `target_value`, `creator`, `create_time`, `updater`, `update_time`) VALUES (148, 1, '010745', '010745', NULL, '2025-07-23 10:23:49', NULL, '2025-08-13 12:40:21');
INSERT IGNORE INTO `value_mapping` (`id`, `column_mapping_id`, `source_value`, `target_value`, `creator`, `create_time`, `updater`, `update_time`) VALUES (149, 1, '010746', '010746', NULL, '2025-07-23 10:23:49', NULL, '2025-08-13 12:40:21');
INSERT IGNORE INTO `value_mapping` (`id`, `column_mapping_id`, `source_value`, `target_value`, `creator`, `create_time`, `updater`, `update_time`) VALUES (150, 1, '010747', '010747', NULL, '2025-07-23 10:23:49', NULL, '2025-08-13 12:40:21');
INSERT IGNORE INTO `value_mapping` (`id`, `column_mapping_id`, `source_value`, `target_value`, `creator`, `create_time`, `updater`, `update_time`) VALUES (151, 1, '010750', '010750', NULL, '2025-07-23 10:23:49', NULL, '2025-08-13 12:40:21');
INSERT IGNORE INTO `value_mapping` (`id`, `column_mapping_id`, `source_value`, `target_value`, `creator`, `create_time`, `updater`, `update_time`) VALUES (152, 1, '010752', '010752', NULL, '2025-07-23 10:23:49', NULL, '2025-08-13 12:40:21');
INSERT IGNORE INTO `value_mapping` (`id`, `column_mapping_id`, `source_value`, `target_value`, `creator`, `create_time`, `updater`, `update_time`) VALUES (153, 1, '010754', '010754', NULL, '2025-07-23 10:23:49', NULL, '2025-08-13 12:40:21');
INSERT IGNORE INTO `value_mapping` (`id`, `column_mapping_id`, `source_value`, `target_value`, `creator`, `create_time`, `updater`, `update_time`) VALUES (154, 1, '010764', '010764', NULL, '2025-07-23 10:23:49', NULL, '2025-08-13 12:40:21');
INSERT IGNORE INTO `value_mapping` (`id`, `column_mapping_id`, `source_value`, `target_value`, `creator`, `create_time`, `updater`, `update_time`) VALUES (155, 1, '010769', '010769', NULL, '2025-07-23 10:23:49', NULL, '2025-08-13 12:40:21');
INSERT IGNORE INTO `value_mapping` (`id`, `column_mapping_id`, `source_value`, `target_value`, `creator`, `create_time`, `updater`, `update_time`) VALUES (156, 1, '010770', '010770', NULL, '2025-07-23 10:23:49', NULL, '2025-08-13 12:40:21');
INSERT IGNORE INTO `value_mapping` (`id`, `column_mapping_id`, `source_value`, `target_value`, `creator`, `create_time`, `updater`, `update_time`) VALUES (157, 1, '010774', '010774', NULL, '2025-07-23 10:23:49', NULL, '2025-08-13 12:40:21');
INSERT IGNORE INTO `value_mapping` (`id`, `column_mapping_id`, `source_value`, `target_value`, `creator`, `create_time`, `updater`, `update_time`) VALUES (158, 1, '010782', '010782', NULL, '2025-07-23 10:23:49', NULL, '2025-08-13 12:40:21');
INSERT IGNORE INTO `value_mapping` (`id`, `column_mapping_id`, `source_value`, `target_value`, `creator`, `create_time`, `updater`, `update_time`) VALUES (159, 1, '010783', '010783', NULL, '2025-07-23 10:23:49', NULL, '2025-08-13 12:40:21');
INSERT IGNORE INTO `value_mapping` (`id`, `column_mapping_id`, `source_value`, `target_value`, `creator`, `create_time`, `updater`, `update_time`) VALUES (160, 1, '010784', '010784', NULL, '2025-07-23 10:23:49', NULL, '2025-08-13 12:40:21');
INSERT IGNORE INTO `value_mapping` (`id`, `column_mapping_id`, `source_value`, `target_value`, `creator`, `create_time`, `updater`, `update_time`) VALUES (161, 1, '010785', '010785', NULL, '2025-07-23 10:23:49', NULL, '2025-08-13 12:40:21');
INSERT IGNORE INTO `value_mapping` (`id`, `column_mapping_id`, `source_value`, `target_value`, `creator`, `create_time`, `updater`, `update_time`) VALUES (162, 1, '010786', '010786', NULL, '2025-07-23 10:23:49', NULL, '2025-08-13 12:40:21');
INSERT IGNORE INTO `value_mapping` (`id`, `column_mapping_id`, `source_value`, `target_value`, `creator`, `create_time`, `updater`, `update_time`) VALUES (163, 1, '010787', '010787', NULL, '2025-07-23 10:23:49', NULL, '2025-08-13 12:40:21');
INSERT IGNORE INTO `value_mapping` (`id`, `column_mapping_id`, `source_value`, `target_value`, `creator`, `create_time`, `updater`, `update_time`) VALUES (164, 1, '010790', '010790', NULL, '2025-07-23 10:23:49', NULL, '2025-08-13 12:40:21');
INSERT IGNORE INTO `value_mapping` (`id`, `column_mapping_id`, `source_value`, `target_value`, `creator`, `create_time`, `updater`, `update_time`) VALUES (165, 1, '010793', '010793', NULL, '2025-07-23 10:23:49', NULL, '2025-08-13 12:40:21');
INSERT IGNORE INTO `value_mapping` (`id`, `column_mapping_id`, `source_value`, `target_value`, `creator`, `create_time`, `updater`, `update_time`) VALUES (166, 1, '010795', '010795', NULL, '2025-07-23 10:23:49', NULL, '2025-08-13 12:40:21');
INSERT IGNORE INTO `value_mapping` (`id`, `column_mapping_id`, `source_value`, `target_value`, `creator`, `create_time`, `updater`, `update_time`) VALUES (167, 1, '010801', '010801', NULL, '2025-07-23 10:23:49', NULL, '2025-08-13 12:40:21');
INSERT IGNORE INTO `value_mapping` (`id`, `column_mapping_id`, `source_value`, `target_value`, `creator`, `create_time`, `updater`, `update_time`) VALUES (168, 1, '010802', '010802', NULL, '2025-07-23 10:23:49', NULL, '2025-08-13 12:40:21');
INSERT IGNORE INTO `value_mapping` (`id`, `column_mapping_id`, `source_value`, `target_value`, `creator`, `create_time`, `updater`, `update_time`) VALUES (169, 1, '010803', '010803', NULL, '2025-07-23 10:23:49', NULL, '2025-08-13 12:40:21');
INSERT IGNORE INTO `value_mapping` (`id`, `column_mapping_id`, `source_value`, `target_value`, `creator`, `create_time`, `updater`, `update_time`) VALUES (170, 1, '010807', '010807', NULL, '2025-07-23 10:23:49', NULL, '2025-08-13 12:40:21');
INSERT IGNORE INTO `value_mapping` (`id`, `column_mapping_id`, `source_value`, `target_value`, `creator`, `create_time`, `updater`, `update_time`) VALUES (171, 1, '010809', '010809', NULL, '2025-07-23 10:23:49', NULL, '2025-08-13 12:40:21');
INSERT IGNORE INTO `value_mapping` (`id`, `column_mapping_id`, `source_value`, `target_value`, `creator`, `create_time`, `updater`, `update_time`) VALUES (172, 1, '010816', '010816', NULL, '2025-07-23 10:23:49', NULL, '2025-08-13 12:40:21');
INSERT IGNORE INTO `value_mapping` (`id`, `column_mapping_id`, `source_value`, `target_value`, `creator`, `create_time`, `updater`, `update_time`) VALUES (173, 1, '010817', '010817', NULL, '2025-07-23 10:23:49', NULL, '2025-08-13 12:40:21');
INSERT IGNORE INTO `value_mapping` (`id`, `column_mapping_id`, `source_value`, `target_value`, `creator`, `create_time`, `updater`, `update_time`) VALUES (174, 1, '010824', '010824', NULL, '2025-07-23 10:23:49', NULL, '2025-08-13 12:40:21');
INSERT IGNORE INTO `value_mapping` (`id`, `column_mapping_id`, `source_value`, `target_value`, `creator`, `create_time`, `updater`, `update_time`) VALUES (175, 1, '010826', '010826', NULL, '2025-07-23 10:23:49', NULL, '2025-08-13 12:40:21');
INSERT IGNORE INTO `value_mapping` (`id`, `column_mapping_id`, `source_value`, `target_value`, `creator`, `create_time`, `updater`, `update_time`) VALUES (176, 1, '010828', '010828', NULL, '2025-07-23 10:23:49', NULL, '2025-08-13 12:40:21');
INSERT IGNORE INTO `value_mapping` (`id`, `column_mapping_id`, `source_value`, `target_value`, `creator`, `create_time`, `updater`, `update_time`) VALUES (177, 1, '010829', '010829', NULL, '2025-07-23 10:23:49', NULL, '2025-08-13 12:40:21');
INSERT IGNORE INTO `value_mapping` (`id`, `column_mapping_id`, `source_value`, `target_value`, `creator`, `create_time`, `updater`, `update_time`) VALUES (178, 1, '010831', '010831', NULL, '2025-07-23 10:23:49', NULL, '2025-08-13 12:40:21');
INSERT IGNORE INTO `value_mapping` (`id`, `column_mapping_id`, `source_value`, `target_value`, `creator`, `create_time`, `updater`, `update_time`) VALUES (179, 1, '010833', '010833', NULL, '2025-07-23 10:23:49', NULL, '2025-08-13 12:40:21');
INSERT IGNORE INTO `value_mapping` (`id`, `column_mapping_id`, `source_value`, `target_value`, `creator`, `create_time`, `updater`, `update_time`) VALUES (180, 1, '010837', '010837', NULL, '2025-07-23 10:23:49', NULL, '2025-08-13 12:40:21');
INSERT IGNORE INTO `value_mapping` (`id`, `column_mapping_id`, `source_value`, `target_value`, `creator`, `create_time`, `updater`, `update_time`) VALUES (181, 1, '010838', '010838', NULL, '2025-07-23 10:23:49', NULL, '2025-08-13 12:40:21');
INSERT IGNORE INTO `value_mapping` (`id`, `column_mapping_id`, `source_value`, `target_value`, `creator`, `create_time`, `updater`, `update_time`) VALUES (182, 1, '010843', '010843', NULL, '2025-07-23 10:23:49', NULL, '2025-08-13 12:40:21');
INSERT IGNORE INTO `value_mapping` (`id`, `column_mapping_id`, `source_value`, `target_value`, `creator`, `create_time`, `updater`, `update_time`) VALUES (183, 1, '010847', '010847', NULL, '2025-07-23 10:23:49', NULL, '2025-08-13 12:40:21');
INSERT IGNORE INTO `value_mapping` (`id`, `column_mapping_id`, `source_value`, `target_value`, `creator`, `create_time`, `updater`, `update_time`) VALUES (184, 1, '010848', '010848', NULL, '2025-07-23 10:23:49', NULL, '2025-08-13 12:40:21');
INSERT IGNORE INTO `value_mapping` (`id`, `column_mapping_id`, `source_value`, `target_value`, `creator`, `create_time`, `updater`, `update_time`) VALUES (185, 1, '010849', '010849', NULL, '2025-07-23 10:23:49', NULL, '2025-08-13 12:40:21');
INSERT IGNORE INTO `value_mapping` (`id`, `column_mapping_id`, `source_value`, `target_value`, `creator`, `create_time`, `updater`, `update_time`) VALUES (186, 1, '010850', '010850', NULL, '2025-07-23 10:23:49', NULL, '2025-08-13 12:40:21');
INSERT IGNORE INTO `value_mapping` (`id`, `column_mapping_id`, `source_value`, `target_value`, `creator`, `create_time`, `updater`, `update_time`) VALUES (187, 1, '010851', '010851', NULL, '2025-07-23 10:23:49', NULL, '2025-08-13 12:40:21');
INSERT IGNORE INTO `value_mapping` (`id`, `column_mapping_id`, `source_value`, `target_value`, `creator`, `create_time`, `updater`, `update_time`) VALUES (188, 1, '010855', '010855', NULL, '2025-07-23 10:23:49', NULL, '2025-08-13 12:40:21');
INSERT IGNORE INTO `value_mapping` (`id`, `column_mapping_id`, `source_value`, `target_value`, `creator`, `create_time`, `updater`, `update_time`) VALUES (189, 1, '010856', '010856', NULL, '2025-07-23 10:23:49', NULL, '2025-08-13 12:40:21');
INSERT IGNORE INTO `value_mapping` (`id`, `column_mapping_id`, `source_value`, `target_value`, `creator`, `create_time`, `updater`, `update_time`) VALUES (190, 1, '010857', '010857', NULL, '2025-07-23 10:23:49', NULL, '2025-08-13 12:40:21');
INSERT IGNORE INTO `value_mapping` (`id`, `column_mapping_id`, `source_value`, `target_value`, `creator`, `create_time`, `updater`, `update_time`) VALUES (191, 1, '010858', '010858', NULL, '2025-07-23 10:23:49', NULL, '2025-08-13 12:40:21');
INSERT IGNORE INTO `value_mapping` (`id`, `column_mapping_id`, `source_value`, `target_value`, `creator`, `create_time`, `updater`, `update_time`) VALUES (192, 1, '010860', '010860', NULL, '2025-07-23 10:23:49', NULL, '2025-08-13 12:40:21');
INSERT IGNORE INTO `value_mapping` (`id`, `column_mapping_id`, `source_value`, `target_value`, `creator`, `create_time`, `updater`, `update_time`) VALUES (193, 1, '010865', '010865', NULL, '2025-07-23 10:23:49', NULL, '2025-08-13 12:40:21');
INSERT IGNORE INTO `value_mapping` (`id`, `column_mapping_id`, `source_value`, `target_value`, `creator`, `create_time`, `updater`, `update_time`) VALUES (194, 1, '010872', '010872', NULL, '2025-07-23 10:23:49', NULL, '2025-08-13 12:40:21');
INSERT IGNORE INTO `value_mapping` (`id`, `column_mapping_id`, `source_value`, `target_value`, `creator`, `create_time`, `updater`, `update_time`) VALUES (195, 1, '010873', '010873', NULL, '2025-07-23 10:23:49', NULL, '2025-08-13 12:40:21');
INSERT IGNORE INTO `value_mapping` (`id`, `column_mapping_id`, `source_value`, `target_value`, `creator`, `create_time`, `updater`, `update_time`) VALUES (196, 1, '010875', '010875', NULL, '2025-07-23 10:23:49', NULL, '2025-08-13 12:40:21');
INSERT IGNORE INTO `value_mapping` (`id`, `column_mapping_id`, `source_value`, `target_value`, `creator`, `create_time`, `updater`, `update_time`) VALUES (197, 1, '010879', '010879', NULL, '2025-07-23 10:23:49', NULL, '2025-08-13 12:40:21');
INSERT IGNORE INTO `value_mapping` (`id`, `column_mapping_id`, `source_value`, `target_value`, `creator`, `create_time`, `updater`, `update_time`) VALUES (198, 1, '010881', '010881', NULL, '2025-07-23 10:23:49', NULL, '2025-08-13 12:40:21');
INSERT IGNORE INTO `value_mapping` (`id`, `column_mapping_id`, `source_value`, `target_value`, `creator`, `create_time`, `updater`, `update_time`) VALUES (199, 1, '010886', '010886', NULL, '2025-07-23 10:23:49', NULL, '2025-08-13 12:40:21');
INSERT IGNORE INTO `value_mapping` (`id`, `column_mapping_id`, `source_value`, `target_value`, `creator`, `create_time`, `updater`, `update_time`) VALUES (200, 1, '010887', '010887', NULL, '2025-07-23 10:23:49', NULL, '2025-08-13 12:40:21');
INSERT IGNORE INTO `value_mapping` (`id`, `column_mapping_id`, `source_value`, `target_value`, `creator`, `create_time`, `updater`, `update_time`) VALUES (201, 1, '010893', '010893', NULL, '2025-07-23 10:23:49', NULL, '2025-08-13 12:40:21');
INSERT IGNORE INTO `value_mapping` (`id`, `column_mapping_id`, `source_value`, `target_value`, `creator`, `create_time`, `updater`, `update_time`) VALUES (202, 1, '010899', '010899', NULL, '2025-07-23 10:23:49', NULL, '2025-08-13 12:40:21');
INSERT IGNORE INTO `value_mapping` (`id`, `column_mapping_id`, `source_value`, `target_value`, `creator`, `create_time`, `updater`, `update_time`) VALUES (203, 1, '010909', '010909', NULL, '2025-07-23 10:23:49', NULL, '2025-08-13 12:40:21');
INSERT IGNORE INTO `value_mapping` (`id`, `column_mapping_id`, `source_value`, `target_value`, `creator`, `create_time`, `updater`, `update_time`) VALUES (204, 1, '010915', '010915', NULL, '2025-07-23 10:23:49', NULL, '2025-08-13 12:40:21');
INSERT IGNORE INTO `value_mapping` (`id`, `column_mapping_id`, `source_value`, `target_value`, `creator`, `create_time`, `updater`, `update_time`) VALUES (205, 1, '010922', '010922', NULL, '2025-07-23 10:23:49', NULL, '2025-08-13 12:40:21');
INSERT IGNORE INTO `value_mapping` (`id`, `column_mapping_id`, `source_value`, `target_value`, `creator`, `create_time`, `updater`, `update_time`) VALUES (206, 1, '010925', '010925', NULL, '2025-07-23 10:23:49', NULL, '2025-08-13 12:40:21');
INSERT IGNORE INTO `value_mapping` (`id`, `column_mapping_id`, `source_value`, `target_value`, `creator`, `create_time`, `updater`, `update_time`) VALUES (207, 1, '010929', '010929', NULL, '2025-07-23 10:23:49', NULL, '2025-08-13 12:40:21');
INSERT IGNORE INTO `value_mapping` (`id`, `column_mapping_id`, `source_value`, `target_value`, `creator`, `create_time`, `updater`, `update_time`) VALUES (208, 1, '010932', '010932', NULL, '2025-07-23 10:23:49', NULL, '2025-08-13 12:40:21');
INSERT IGNORE INTO `value_mapping` (`id`, `column_mapping_id`, `source_value`, `target_value`, `creator`, `create_time`, `updater`, `update_time`) VALUES (209, 1, '010933', '010933', NULL, '2025-07-23 10:23:49', NULL, '2025-08-13 12:40:21');
INSERT IGNORE INTO `value_mapping` (`id`, `column_mapping_id`, `source_value`, `target_value`, `creator`, `create_time`, `updater`, `update_time`) VALUES (210, 1, '010934', '010934', NULL, '2025-07-23 10:23:49', NULL, '2025-08-13 12:40:21');
INSERT IGNORE INTO `value_mapping` (`id`, `column_mapping_id`, `source_value`, `target_value`, `creator`, `create_time`, `updater`, `update_time`) VALUES (211, 1, '010936', '010936', NULL, '2025-07-23 10:23:49', NULL, '2025-08-13 12:40:21');
INSERT IGNORE INTO `value_mapping` (`id`, `column_mapping_id`, `source_value`, `target_value`, `creator`, `create_time`, `updater`, `update_time`) VALUES (212, 1, '010941', '010941', NULL, '2025-07-23 10:23:49', NULL, '2025-08-13 12:40:21');
INSERT IGNORE INTO `value_mapping` (`id`, `column_mapping_id`, `source_value`, `target_value`, `creator`, `create_time`, `updater`, `update_time`) VALUES (213, 1, '010942', '010942', NULL, '2025-07-23 10:23:49', NULL, '2025-08-13 12:40:21');
INSERT IGNORE INTO `value_mapping` (`id`, `column_mapping_id`, `source_value`, `target_value`, `creator`, `create_time`, `updater`, `update_time`) VALUES (214, 1, '010944', '010944', NULL, '2025-07-23 10:23:49', NULL, '2025-08-13 12:40:21');
INSERT IGNORE INTO `value_mapping` (`id`, `column_mapping_id`, `source_value`, `target_value`, `creator`, `create_time`, `updater`, `update_time`) VALUES (215, 1, '010946', '010946', NULL, '2025-07-23 10:23:49', NULL, '2025-08-13 12:40:21');
INSERT IGNORE INTO `value_mapping` (`id`, `column_mapping_id`, `source_value`, `target_value`, `creator`, `create_time`, `updater`, `update_time`) VALUES (216, 1, '010948', '010948', NULL, '2025-07-23 10:23:49', NULL, '2025-08-13 12:40:21');
INSERT IGNORE INTO `value_mapping` (`id`, `column_mapping_id`, `source_value`, `target_value`, `creator`, `create_time`, `updater`, `update_time`) VALUES (217, 1, '010950', '010950', NULL, '2025-07-23 10:23:49', NULL, '2025-08-13 12:40:21');
INSERT IGNORE INTO `value_mapping` (`id`, `column_mapping_id`, `source_value`, `target_value`, `creator`, `create_time`, `updater`, `update_time`) VALUES (218, 1, '010955', '010955', NULL, '2025-07-23 10:23:49', NULL, '2025-08-13 12:40:21');
INSERT IGNORE INTO `value_mapping` (`id`, `column_mapping_id`, `source_value`, `target_value`, `creator`, `create_time`, `updater`, `update_time`) VALUES (219, 1, '010956', '010956', NULL, '2025-07-23 10:23:49', NULL, '2025-08-13 12:40:21');
INSERT IGNORE INTO `value_mapping` (`id`, `column_mapping_id`, `source_value`, `target_value`, `creator`, `create_time`, `updater`, `update_time`) VALUES (220, 1, '010957', '010957', NULL, '2025-07-23 10:23:49', NULL, '2025-08-13 12:40:21');
INSERT IGNORE INTO `value_mapping` (`id`, `column_mapping_id`, `source_value`, `target_value`, `creator`, `create_time`, `updater`, `update_time`) VALUES (221, 1, '010960', '010960', NULL, '2025-07-23 10:23:49', NULL, '2025-08-13 12:40:21');
INSERT IGNORE INTO `value_mapping` (`id`, `column_mapping_id`, `source_value`, `target_value`, `creator`, `create_time`, `updater`, `update_time`) VALUES (222, 1, '010961', '010961', NULL, '2025-07-23 10:23:49', NULL, '2025-08-13 12:40:21');
INSERT IGNORE INTO `value_mapping` (`id`, `column_mapping_id`, `source_value`, `target_value`, `creator`, `create_time`, `updater`, `update_time`) VALUES (223, 1, '010967', '010967', NULL, '2025-07-23 10:23:49', NULL, '2025-08-13 12:40:21');
INSERT IGNORE INTO `value_mapping` (`id`, `column_mapping_id`, `source_value`, `target_value`, `creator`, `create_time`, `updater`, `update_time`) VALUES (224, 1, '010969', '010969', NULL, '2025-07-23 10:23:49', NULL, '2025-08-13 12:40:21');
INSERT IGNORE INTO `value_mapping` (`id`, `column_mapping_id`, `source_value`, `target_value`, `creator`, `create_time`, `updater`, `update_time`) VALUES (225, 1, '010970', '010970', NULL, '2025-07-23 10:23:49', NULL, '2025-08-13 12:40:21');
INSERT IGNORE INTO `value_mapping` (`id`, `column_mapping_id`, `source_value`, `target_value`, `creator`, `create_time`, `updater`, `update_time`) VALUES (226, 1, '010971', '010971', NULL, '2025-07-23 10:23:49', NULL, '2025-08-13 12:40:21');
INSERT IGNORE INTO `value_mapping` (`id`, `column_mapping_id`, `source_value`, `target_value`, `creator`, `create_time`, `updater`, `update_time`) VALUES (227, 1, '010984', '010984', NULL, '2025-07-23 10:23:49', NULL, '2025-08-13 12:40:21');
INSERT IGNORE INTO `value_mapping` (`id`, `column_mapping_id`, `source_value`, `target_value`, `creator`, `create_time`, `updater`, `update_time`) VALUES (228, 1, '010985', '010985', NULL, '2025-07-23 10:23:49', NULL, '2025-08-13 12:40:21');
INSERT IGNORE INTO `value_mapping` (`id`, `column_mapping_id`, `source_value`, `target_value`, `creator`, `create_time`, `updater`, `update_time`) VALUES (229, 1, '010989', '010989', NULL, '2025-07-23 10:23:49', NULL, '2025-08-13 12:40:21');
INSERT IGNORE INTO `value_mapping` (`id`, `column_mapping_id`, `source_value`, `target_value`, `creator`, `create_time`, `updater`, `update_time`) VALUES (230, 1, '010995', '010995', NULL, '2025-07-23 10:23:49', NULL, '2025-08-13 12:40:21');
INSERT IGNORE INTO `value_mapping` (`id`, `column_mapping_id`, `source_value`, `target_value`, `creator`, `create_time`, `updater`, `update_time`) VALUES (231, 1, '010997', '010997', NULL, '2025-07-23 10:23:49', NULL, '2025-08-13 12:40:21');
INSERT IGNORE INTO `value_mapping` (`id`, `column_mapping_id`, `source_value`, `target_value`, `creator`, `create_time`, `updater`, `update_time`) VALUES (232, 1, '010998', '010998', NULL, '2025-07-23 10:23:49', NULL, '2025-08-13 12:40:21');
INSERT IGNORE INTO `value_mapping` (`id`, `column_mapping_id`, `source_value`, `target_value`, `creator`, `create_time`, `updater`, `update_time`) VALUES (233, 1, '011004', '011004', NULL, '2025-07-23 10:23:49', NULL, '2025-08-13 12:40:21');
INSERT IGNORE INTO `value_mapping` (`id`, `column_mapping_id`, `source_value`, `target_value`, `creator`, `create_time`, `updater`, `update_time`) VALUES (234, 1, '011005', '011005', NULL, '2025-07-23 10:23:49', NULL, '2025-08-13 12:40:21');
INSERT IGNORE INTO `value_mapping` (`id`, `column_mapping_id`, `source_value`, `target_value`, `creator`, `create_time`, `updater`, `update_time`) VALUES (235, 1, '011006', '011006', NULL, '2025-07-23 10:23:49', NULL, '2025-08-13 12:40:21');
INSERT IGNORE INTO `value_mapping` (`id`, `column_mapping_id`, `source_value`, `target_value`, `creator`, `create_time`, `updater`, `update_time`) VALUES (236, 1, '011007', '011007', NULL, '2025-07-23 10:23:49', NULL, '2025-08-13 12:40:21');
INSERT IGNORE INTO `value_mapping` (`id`, `column_mapping_id`, `source_value`, `target_value`, `creator`, `create_time`, `updater`, `update_time`) VALUES (237, 1, '011009', '011009', NULL, '2025-07-23 10:23:49', NULL, '2025-08-13 12:40:21');
INSERT IGNORE INTO `value_mapping` (`id`, `column_mapping_id`, `source_value`, `target_value`, `creator`, `create_time`, `updater`, `update_time`) VALUES (238, 1, '011010', '011010', NULL, '2025-07-23 10:23:49', NULL, '2025-08-13 12:40:21');
INSERT IGNORE INTO `value_mapping` (`id`, `column_mapping_id`, `source_value`, `target_value`, `creator`, `create_time`, `updater`, `update_time`) VALUES (239, 1, '011012', '011012', NULL, '2025-07-23 10:23:49', NULL, '2025-08-13 12:40:21');
INSERT IGNORE INTO `value_mapping` (`id`, `column_mapping_id`, `source_value`, `target_value`, `creator`, `create_time`, `updater`, `update_time`) VALUES (240, 1, '011013', '011013', NULL, '2025-07-23 10:23:49', NULL, '2025-08-13 12:40:21');
INSERT IGNORE INTO `value_mapping` (`id`, `column_mapping_id`, `source_value`, `target_value`, `creator`, `create_time`, `updater`, `update_time`) VALUES (241, 1, '011014', '011014', NULL, '2025-07-23 10:23:49', NULL, '2025-08-13 12:40:21');
INSERT IGNORE INTO `value_mapping` (`id`, `column_mapping_id`, `source_value`, `target_value`, `creator`, `create_time`, `updater`, `update_time`) VALUES (242, 1, '011018', '011018', NULL, '2025-07-23 10:23:49', NULL, '2025-08-13 12:40:21');
INSERT IGNORE INTO `value_mapping` (`id`, `column_mapping_id`, `source_value`, `target_value`, `creator`, `create_time`, `updater`, `update_time`) VALUES (243, 1, '011022', '011022', NULL, '2025-07-23 10:23:49', NULL, '2025-08-13 12:40:21');
INSERT IGNORE INTO `value_mapping` (`id`, `column_mapping_id`, `source_value`, `target_value`, `creator`, `create_time`, `updater`, `update_time`) VALUES (244, 1, '011024', '011024', NULL, '2025-07-23 10:23:49', NULL, '2025-08-13 12:40:21');
INSERT IGNORE INTO `value_mapping` (`id`, `column_mapping_id`, `source_value`, `target_value`, `creator`, `create_time`, `updater`, `update_time`) VALUES (245, 1, '011026', '011026', NULL, '2025-07-23 10:23:49', NULL, '2025-08-13 12:40:21');
INSERT IGNORE INTO `value_mapping` (`id`, `column_mapping_id`, `source_value`, `target_value`, `creator`, `create_time`, `updater`, `update_time`) VALUES (246, 1, '011031', '011031', NULL, '2025-07-23 10:23:49', NULL, '2025-08-13 12:40:21');
INSERT IGNORE INTO `value_mapping` (`id`, `column_mapping_id`, `source_value`, `target_value`, `creator`, `create_time`, `updater`, `update_time`) VALUES (247, 1, '011034', '011034', NULL, '2025-07-23 10:23:49', NULL, '2025-08-13 12:40:21');
INSERT IGNORE INTO `value_mapping` (`id`, `column_mapping_id`, `source_value`, `target_value`, `creator`, `create_time`, `updater`, `update_time`) VALUES (248, 1, '011039', '011039', NULL, '2025-07-23 10:23:49', NULL, '2025-08-13 12:40:21');
INSERT IGNORE INTO `value_mapping` (`id`, `column_mapping_id`, `source_value`, `target_value`, `creator`, `create_time`, `updater`, `update_time`) VALUES (249, 1, '011040', '011040', NULL, '2025-07-23 10:23:49', NULL, '2025-08-13 12:40:21');
INSERT IGNORE INTO `value_mapping` (`id`, `column_mapping_id`, `source_value`, `target_value`, `creator`, `create_time`, `updater`, `update_time`) VALUES (250, 1, '011041', '011041', NULL, '2025-07-23 10:23:49', NULL, '2025-08-13 12:40:21');
INSERT IGNORE INTO `value_mapping` (`id`, `column_mapping_id`, `source_value`, `target_value`, `creator`, `create_time`, `updater`, `update_time`) VALUES (251, 1, '011042', '011042', NULL, '2025-07-23 10:23:49', NULL, '2025-08-13 12:40:21');
INSERT IGNORE INTO `value_mapping` (`id`, `column_mapping_id`, `source_value`, `target_value`, `creator`, `create_time`, `updater`, `update_time`) VALUES (252, 1, '011048', '011048', NULL, '2025-07-23 10:23:49', NULL, '2025-08-13 12:40:21');
INSERT IGNORE INTO `value_mapping` (`id`, `column_mapping_id`, `source_value`, `target_value`, `creator`, `create_time`, `updater`, `update_time`) VALUES (253, 1, '011058', '011058', NULL, '2025-07-23 10:23:49', NULL, '2025-08-13 12:40:21');
INSERT IGNORE INTO `value_mapping` (`id`, `column_mapping_id`, `source_value`, `target_value`, `creator`, `create_time`, `updater`, `update_time`) VALUES (254, 1, '011061', '011061', NULL, '2025-07-23 10:23:49', NULL, '2025-08-13 12:40:21');
INSERT IGNORE INTO `value_mapping` (`id`, `column_mapping_id`, `source_value`, `target_value`, `creator`, `create_time`, `updater`, `update_time`) VALUES (255, 1, '011063', '011063', NULL, '2025-07-23 10:23:49', NULL, '2025-08-13 12:40:21');
INSERT IGNORE INTO `value_mapping` (`id`, `column_mapping_id`, `source_value`, `target_value`, `creator`, `create_time`, `updater`, `update_time`) VALUES (256, 1, '011069', '011069', NULL, '2025-07-23 10:23:49', NULL, '2025-08-13 12:40:21');
INSERT IGNORE INTO `value_mapping` (`id`, `column_mapping_id`, `source_value`, `target_value`, `creator`, `create_time`, `updater`, `update_time`) VALUES (257, 1, '011070', '011070', NULL, '2025-07-23 10:23:49', NULL, '2025-08-13 12:40:21');
INSERT IGNORE INTO `value_mapping` (`id`, `column_mapping_id`, `source_value`, `target_value`, `creator`, `create_time`, `updater`, `update_time`) VALUES (258, 1, '011072', '011072', NULL, '2025-07-23 10:23:49', NULL, '2025-08-13 12:40:21');
INSERT IGNORE INTO `value_mapping` (`id`, `column_mapping_id`, `source_value`, `target_value`, `creator`, `create_time`, `updater`, `update_time`) VALUES (259, 1, '011075', '011075', NULL, '2025-07-23 10:23:49', NULL, '2025-08-13 12:40:21');
INSERT IGNORE INTO `value_mapping` (`id`, `column_mapping_id`, `source_value`, `target_value`, `creator`, `create_time`, `updater`, `update_time`) VALUES (260, 1, '011077', '011077', NULL, '2025-07-23 10:23:49', NULL, '2025-08-13 12:40:21');
INSERT IGNORE INTO `value_mapping` (`id`, `column_mapping_id`, `source_value`, `target_value`, `creator`, `create_time`, `updater`, `update_time`) VALUES (261, 1, '011078', '011078', NULL, '2025-07-23 10:23:49', NULL, '2025-08-13 12:40:21');
INSERT IGNORE INTO `value_mapping` (`id`, `column_mapping_id`, `source_value`, `target_value`, `creator`, `create_time`, `updater`, `update_time`) VALUES (262, 1, '011079', '011079', NULL, '2025-07-23 10:23:49', NULL, '2025-08-13 12:40:21');
INSERT IGNORE INTO `value_mapping` (`id`, `column_mapping_id`, `source_value`, `target_value`, `creator`, `create_time`, `updater`, `update_time`) VALUES (263, 1, '011080', '011080', NULL, '2025-07-23 10:23:49', NULL, '2025-08-13 12:40:21');
INSERT IGNORE INTO `value_mapping` (`id`, `column_mapping_id`, `source_value`, `target_value`, `creator`, `create_time`, `updater`, `update_time`) VALUES (264, 1, '011081', '011081', NULL, '2025-07-23 10:23:49', NULL, '2025-08-13 12:40:21');
INSERT IGNORE INTO `value_mapping` (`id`, `column_mapping_id`, `source_value`, `target_value`, `creator`, `create_time`, `updater`, `update_time`) VALUES (265, 1, '011084', '011084', NULL, '2025-07-23 10:23:49', NULL, '2025-08-13 12:40:21');
INSERT IGNORE INTO `value_mapping` (`id`, `column_mapping_id`, `source_value`, `target_value`, `creator`, `create_time`, `updater`, `update_time`) VALUES (266, 1, '011085', '011085', NULL, '2025-07-23 10:23:49', NULL, '2025-08-13 12:40:21');
INSERT IGNORE INTO `value_mapping` (`id`, `column_mapping_id`, `source_value`, `target_value`, `creator`, `create_time`, `updater`, `update_time`) VALUES (267, 1, '011087', '011087', NULL, '2025-07-23 10:23:49', NULL, '2025-08-13 12:40:21');
INSERT IGNORE INTO `value_mapping` (`id`, `column_mapping_id`, `source_value`, `target_value`, `creator`, `create_time`, `updater`, `update_time`) VALUES (268, 1, '011088', '011088', NULL, '2025-07-23 10:23:49', NULL, '2025-08-13 12:40:21');
INSERT IGNORE INTO `value_mapping` (`id`, `column_mapping_id`, `source_value`, `target_value`, `creator`, `create_time`, `updater`, `update_time`) VALUES (269, 1, '011089', '011089', NULL, '2025-07-23 10:23:49', NULL, '2025-08-13 12:40:21');
INSERT IGNORE INTO `value_mapping` (`id`, `column_mapping_id`, `source_value`, `target_value`, `creator`, `create_time`, `updater`, `update_time`) VALUES (270, 1, '011090', '011090', NULL, '2025-07-23 10:23:49', NULL, '2025-08-13 12:40:21');
INSERT IGNORE INTO `value_mapping` (`id`, `column_mapping_id`, `source_value`, `target_value`, `creator`, `create_time`, `updater`, `update_time`) VALUES (271, 1, '011091', '011091', NULL, '2025-07-23 10:23:49', NULL, '2025-08-13 12:40:21');
INSERT IGNORE INTO `value_mapping` (`id`, `column_mapping_id`, `source_value`, `target_value`, `creator`, `create_time`, `updater`, `update_time`) VALUES (272, 1, '011092', '011092', NULL, '2025-07-23 10:23:49', NULL, '2025-08-13 12:40:21');
INSERT IGNORE INTO `value_mapping` (`id`, `column_mapping_id`, `source_value`, `target_value`, `creator`, `create_time`, `updater`, `update_time`) VALUES (273, 1, '011093', '011093', NULL, '2025-07-23 10:23:49', NULL, '2025-08-13 12:40:21');
INSERT IGNORE INTO `value_mapping` (`id`, `column_mapping_id`, `source_value`, `target_value`, `creator`, `create_time`, `updater`, `update_time`) VALUES (274, 1, '011096', '011096', NULL, '2025-07-23 10:23:49', NULL, '2025-08-13 12:40:21');
INSERT IGNORE INTO `value_mapping` (`id`, `column_mapping_id`, `source_value`, `target_value`, `creator`, `create_time`, `updater`, `update_time`) VALUES (275, 1, '011097', '011097', NULL, '2025-07-23 10:23:49', NULL, '2025-08-13 12:40:21');
INSERT IGNORE INTO `value_mapping` (`id`, `column_mapping_id`, `source_value`, `target_value`, `creator`, `create_time`, `updater`, `update_time`) VALUES (276, 1, '011099', '011099', NULL, '2025-07-23 10:23:49', NULL, '2025-08-13 12:40:21');
INSERT IGNORE INTO `value_mapping` (`id`, `column_mapping_id`, `source_value`, `target_value`, `creator`, `create_time`, `updater`, `update_time`) VALUES (277, 1, '011104', '011104', NULL, '2025-07-23 10:23:49', NULL, '2025-08-13 12:40:21');
INSERT IGNORE INTO `value_mapping` (`id`, `column_mapping_id`, `source_value`, `target_value`, `creator`, `create_time`, `updater`, `update_time`) VALUES (278, 1, '011107', '011107', NULL, '2025-07-23 10:23:49', NULL, '2025-08-13 12:40:21');
INSERT IGNORE INTO `value_mapping` (`id`, `column_mapping_id`, `source_value`, `target_value`, `creator`, `create_time`, `updater`, `update_time`) VALUES (279, 1, '011109', '011109', NULL, '2025-07-23 10:23:49', NULL, '2025-08-13 12:40:21');
INSERT IGNORE INTO `value_mapping` (`id`, `column_mapping_id`, `source_value`, `target_value`, `creator`, `create_time`, `updater`, `update_time`) VALUES (280, 1, '011116', '011116', NULL, '2025-07-23 10:23:49', NULL, '2025-08-13 12:40:21');
INSERT IGNORE INTO `value_mapping` (`id`, `column_mapping_id`, `source_value`, `target_value`, `creator`, `create_time`, `updater`, `update_time`) VALUES (281, 1, '011119', '011119', NULL, '2025-07-23 10:23:49', NULL, '2025-08-13 12:40:21');
INSERT IGNORE INTO `value_mapping` (`id`, `column_mapping_id`, `source_value`, `target_value`, `creator`, `create_time`, `updater`, `update_time`) VALUES (282, 1, '011121', '011121', NULL, '2025-07-23 10:23:49', NULL, '2025-08-13 12:40:21');
INSERT IGNORE INTO `value_mapping` (`id`, `column_mapping_id`, `source_value`, `target_value`, `creator`, `create_time`, `updater`, `update_time`) VALUES (283, 1, '011122', '011122', NULL, '2025-07-23 10:23:49', NULL, '2025-08-13 12:40:21');
INSERT IGNORE INTO `value_mapping` (`id`, `column_mapping_id`, `source_value`, `target_value`, `creator`, `create_time`, `updater`, `update_time`) VALUES (284, 1, '011130', '011130', NULL, '2025-07-23 10:23:49', NULL, '2025-08-13 12:40:21');
INSERT IGNORE INTO `value_mapping` (`id`, `column_mapping_id`, `source_value`, `target_value`, `creator`, `create_time`, `updater`, `update_time`) VALUES (285, 1, '011131', '011131', NULL, '2025-07-23 10:23:49', NULL, '2025-08-13 12:40:21');
INSERT IGNORE INTO `value_mapping` (`id`, `column_mapping_id`, `source_value`, `target_value`, `creator`, `create_time`, `updater`, `update_time`) VALUES (286, 1, '011133', '011133', NULL, '2025-07-23 10:23:49', NULL, '2025-08-13 12:40:21');
INSERT IGNORE INTO `value_mapping` (`id`, `column_mapping_id`, `source_value`, `target_value`, `creator`, `create_time`, `updater`, `update_time`) VALUES (287, 1, '011140', '011140', NULL, '2025-07-23 10:23:49', NULL, '2025-08-13 12:40:21');
INSERT IGNORE INTO `value_mapping` (`id`, `column_mapping_id`, `source_value`, `target_value`, `creator`, `create_time`, `updater`, `update_time`) VALUES (288, 1, '011143', '011143', NULL, '2025-07-23 10:23:49', NULL, '2025-08-13 12:40:21');
INSERT IGNORE INTO `value_mapping` (`id`, `column_mapping_id`, `source_value`, `target_value`, `creator`, `create_time`, `updater`, `update_time`) VALUES (289, 1, '011144', '011144', NULL, '2025-07-23 10:23:49', NULL, '2025-08-13 12:40:21');
INSERT IGNORE INTO `value_mapping` (`id`, `column_mapping_id`, `source_value`, `target_value`, `creator`, `create_time`, `updater`, `update_time`) VALUES (290, 1, '011145', '011145', NULL, '2025-07-23 10:23:49', NULL, '2025-08-13 12:40:21');
INSERT IGNORE INTO `value_mapping` (`id`, `column_mapping_id`, `source_value`, `target_value`, `creator`, `create_time`, `updater`, `update_time`) VALUES (291, 1, '011149', '011149', NULL, '2025-07-23 10:23:49', NULL, '2025-08-13 12:40:21');
INSERT IGNORE INTO `value_mapping` (`id`, `column_mapping_id`, `source_value`, `target_value`, `creator`, `create_time`, `updater`, `update_time`) VALUES (292, 1, '011153', '011153', NULL, '2025-07-23 10:23:49', NULL, '2025-08-13 12:40:21');
INSERT IGNORE INTO `value_mapping` (`id`, `column_mapping_id`, `source_value`, `target_value`, `creator`, `create_time`, `updater`, `update_time`) VALUES (293, 1, '011154', '011154', NULL, '2025-07-23 10:23:49', NULL, '2025-08-13 12:40:21');
INSERT IGNORE INTO `value_mapping` (`id`, `column_mapping_id`, `source_value`, `target_value`, `creator`, `create_time`, `updater`, `update_time`) VALUES (294, 1, '011156', '011156', NULL, '2025-07-23 10:23:49', NULL, '2025-08-13 12:40:21');
INSERT IGNORE INTO `value_mapping` (`id`, `column_mapping_id`, `source_value`, `target_value`, `creator`, `create_time`, `updater`, `update_time`) VALUES (295, 1, '011158', '011158', NULL, '2025-07-23 10:23:49', NULL, '2025-08-13 12:40:21');
INSERT IGNORE INTO `value_mapping` (`id`, `column_mapping_id`, `source_value`, `target_value`, `creator`, `create_time`, `updater`, `update_time`) VALUES (296, 1, '011160', '011160', NULL, '2025-07-23 10:23:49', NULL, '2025-08-13 12:40:21');
INSERT IGNORE INTO `value_mapping` (`id`, `column_mapping_id`, `source_value`, `target_value`, `creator`, `create_time`, `updater`, `update_time`) VALUES (297, 1, '011161', '011161', NULL, '2025-07-23 10:23:49', NULL, '2025-08-13 12:40:21');
INSERT IGNORE INTO `value_mapping` (`id`, `column_mapping_id`, `source_value`, `target_value`, `creator`, `create_time`, `updater`, `update_time`) VALUES (298, 1, '011162', '011162', NULL, '2025-07-23 10:23:49', NULL, '2025-08-13 12:40:21');
INSERT IGNORE INTO `value_mapping` (`id`, `column_mapping_id`, `source_value`, `target_value`, `creator`, `create_time`, `updater`, `update_time`) VALUES (299, 1, '011163', '011163', NULL, '2025-07-23 10:23:49', NULL, '2025-08-13 12:40:21');
INSERT IGNORE INTO `value_mapping` (`id`, `column_mapping_id`, `source_value`, `target_value`, `creator`, `create_time`, `updater`, `update_time`) VALUES (300, 1, '011164', '011164', NULL, '2025-07-23 10:23:49', NULL, '2025-08-13 12:40:21');
INSERT IGNORE INTO `value_mapping` (`id`, `column_mapping_id`, `source_value`, `target_value`, `creator`, `create_time`, `updater`, `update_time`) VALUES (301, 1, '011165', '011165', NULL, '2025-07-23 10:23:49', NULL, '2025-08-13 12:40:21');
INSERT IGNORE INTO `value_mapping` (`id`, `column_mapping_id`, `source_value`, `target_value`, `creator`, `create_time`, `updater`, `update_time`) VALUES (302, 1, '011166', '011166', NULL, '2025-07-23 10:23:49', NULL, '2025-08-13 12:40:21');
INSERT IGNORE INTO `value_mapping` (`id`, `column_mapping_id`, `source_value`, `target_value`, `creator`, `create_time`, `updater`, `update_time`) VALUES (303, 1, '011171', '011171', NULL, '2025-07-23 10:23:49', NULL, '2025-08-13 12:40:21');
INSERT IGNORE INTO `value_mapping` (`id`, `column_mapping_id`, `source_value`, `target_value`, `creator`, `create_time`, `updater`, `update_time`) VALUES (304, 1, '011172', '011172', NULL, '2025-07-23 10:23:49', NULL, '2025-08-13 12:40:21');
INSERT IGNORE INTO `value_mapping` (`id`, `column_mapping_id`, `source_value`, `target_value`, `creator`, `create_time`, `updater`, `update_time`) VALUES (305, 1, '011174', '011174', NULL, '2025-07-23 10:23:49', NULL, '2025-08-13 12:40:21');
INSERT IGNORE INTO `value_mapping` (`id`, `column_mapping_id`, `source_value`, `target_value`, `creator`, `create_time`, `updater`, `update_time`) VALUES (306, 1, '011175', '011175', NULL, '2025-07-23 10:23:49', NULL, '2025-08-13 12:40:21');
INSERT IGNORE INTO `value_mapping` (`id`, `column_mapping_id`, `source_value`, `target_value`, `creator`, `create_time`, `updater`, `update_time`) VALUES (307, 1, '011176', '011176', NULL, '2025-07-23 10:23:49', NULL, '2025-08-13 12:40:21');
INSERT IGNORE INTO `value_mapping` (`id`, `column_mapping_id`, `source_value`, `target_value`, `creator`, `create_time`, `updater`, `update_time`) VALUES (308, 1, '011179', '011179', NULL, '2025-07-23 10:23:49', NULL, '2025-08-13 12:40:21');
INSERT IGNORE INTO `value_mapping` (`id`, `column_mapping_id`, `source_value`, `target_value`, `creator`, `create_time`, `updater`, `update_time`) VALUES (309, 1, '011181', '011181', NULL, '2025-07-23 10:23:49', NULL, '2025-08-13 12:40:21');
INSERT IGNORE INTO `value_mapping` (`id`, `column_mapping_id`, `source_value`, `target_value`, `creator`, `create_time`, `updater`, `update_time`) VALUES (310, 1, '011182', '011182', NULL, '2025-07-23 10:23:49', NULL, '2025-08-13 12:40:21');
INSERT IGNORE INTO `value_mapping` (`id`, `column_mapping_id`, `source_value`, `target_value`, `creator`, `create_time`, `updater`, `update_time`) VALUES (311, 1, '011183', '011183', NULL, '2025-07-23 10:23:49', NULL, '2025-08-13 12:40:21');
INSERT IGNORE INTO `value_mapping` (`id`, `column_mapping_id`, `source_value`, `target_value`, `creator`, `create_time`, `updater`, `update_time`) VALUES (312, 1, '011184', '011184', NULL, '2025-07-23 10:23:49', NULL, '2025-08-13 12:40:21');
INSERT IGNORE INTO `value_mapping` (`id`, `column_mapping_id`, `source_value`, `target_value`, `creator`, `create_time`, `updater`, `update_time`) VALUES (313, 1, '011185', '011185', NULL, '2025-07-23 10:23:49', NULL, '2025-08-13 12:40:21');
INSERT IGNORE INTO `value_mapping` (`id`, `column_mapping_id`, `source_value`, `target_value`, `creator`, `create_time`, `updater`, `update_time`) VALUES (314, 1, '011186', '011186', NULL, '2025-07-23 10:23:49', NULL, '2025-08-13 12:40:21');
INSERT IGNORE INTO `value_mapping` (`id`, `column_mapping_id`, `source_value`, `target_value`, `creator`, `create_time`, `updater`, `update_time`) VALUES (315, 1, '011187', '011187', NULL, '2025-07-23 10:23:49', NULL, '2025-08-13 12:40:21');
INSERT IGNORE INTO `value_mapping` (`id`, `column_mapping_id`, `source_value`, `target_value`, `creator`, `create_time`, `updater`, `update_time`) VALUES (316, 1, '011189', '011189', NULL, '2025-07-23 10:23:49', NULL, '2025-08-13 12:40:21');
INSERT IGNORE INTO `value_mapping` (`id`, `column_mapping_id`, `source_value`, `target_value`, `creator`, `create_time`, `updater`, `update_time`) VALUES (317, 1, '011190', '011190', NULL, '2025-07-23 10:23:49', NULL, '2025-08-13 12:40:21');
INSERT IGNORE INTO `value_mapping` (`id`, `column_mapping_id`, `source_value`, `target_value`, `creator`, `create_time`, `updater`, `update_time`) VALUES (318, 1, '011191', '011191', NULL, '2025-07-23 10:23:49', NULL, '2025-08-13 12:40:21');
INSERT IGNORE INTO `value_mapping` (`id`, `column_mapping_id`, `source_value`, `target_value`, `creator`, `create_time`, `updater`, `update_time`) VALUES (319, 1, '011192', '011192', NULL, '2025-07-23 10:23:49', NULL, '2025-08-13 12:40:21');
INSERT IGNORE INTO `value_mapping` (`id`, `column_mapping_id`, `source_value`, `target_value`, `creator`, `create_time`, `updater`, `update_time`) VALUES (320, 1, '011193', '011193', NULL, '2025-07-23 10:23:49', NULL, '2025-08-13 12:40:21');
INSERT IGNORE INTO `value_mapping` (`id`, `column_mapping_id`, `source_value`, `target_value`, `creator`, `create_time`, `updater`, `update_time`) VALUES (321, 1, '011194', '011194', NULL, '2025-07-23 10:23:49', NULL, '2025-08-13 12:40:21');
INSERT IGNORE INTO `value_mapping` (`id`, `column_mapping_id`, `source_value`, `target_value`, `creator`, `create_time`, `updater`, `update_time`) VALUES (322, 1, '011197', '011197', NULL, '2025-07-23 10:23:49', NULL, '2025-08-13 12:40:21');
INSERT IGNORE INTO `value_mapping` (`id`, `column_mapping_id`, `source_value`, `target_value`, `creator`, `create_time`, `updater`, `update_time`) VALUES (323, 1, '011199', '011199', NULL, '2025-07-23 10:23:49', NULL, '2025-08-13 12:40:21');
INSERT IGNORE INTO `value_mapping` (`id`, `column_mapping_id`, `source_value`, `target_value`, `creator`, `create_time`, `updater`, `update_time`) VALUES (324, 1, '011200', '011200', NULL, '2025-07-23 10:23:49', NULL, '2025-08-13 12:40:21');
INSERT IGNORE INTO `value_mapping` (`id`, `column_mapping_id`, `source_value`, `target_value`, `creator`, `create_time`, `updater`, `update_time`) VALUES (325, 1, '011202', '011202', NULL, '2025-07-23 10:23:49', NULL, '2025-08-13 12:40:21');
INSERT IGNORE INTO `value_mapping` (`id`, `column_mapping_id`, `source_value`, `target_value`, `creator`, `create_time`, `updater`, `update_time`) VALUES (326, 1, '011203', '011203', NULL, '2025-07-23 10:23:49', NULL, '2025-08-13 12:40:21');
INSERT IGNORE INTO `value_mapping` (`id`, `column_mapping_id`, `source_value`, `target_value`, `creator`, `create_time`, `updater`, `update_time`) VALUES (327, 1, '011210', '011210', NULL, '2025-07-23 10:23:49', NULL, '2025-08-13 12:40:21');
INSERT IGNORE INTO `value_mapping` (`id`, `column_mapping_id`, `source_value`, `target_value`, `creator`, `create_time`, `updater`, `update_time`) VALUES (328, 1, '011211', '011211', NULL, '2025-07-23 10:23:49', NULL, '2025-08-13 12:40:21');
INSERT IGNORE INTO `value_mapping` (`id`, `column_mapping_id`, `source_value`, `target_value`, `creator`, `create_time`, `updater`, `update_time`) VALUES (329, 1, '011213', '011213', NULL, '2025-07-23 10:23:49', NULL, '2025-08-13 12:40:21');
INSERT IGNORE INTO `value_mapping` (`id`, `column_mapping_id`, `source_value`, `target_value`, `creator`, `create_time`, `updater`, `update_time`) VALUES (330, 1, '011216', '011216', NULL, '2025-07-23 10:23:49', NULL, '2025-08-13 12:40:21');
INSERT IGNORE INTO `value_mapping` (`id`, `column_mapping_id`, `source_value`, `target_value`, `creator`, `create_time`, `updater`, `update_time`) VALUES (331, 1, '011217', '011217', NULL, '2025-07-23 10:23:49', NULL, '2025-08-13 12:40:21');
INSERT IGNORE INTO `value_mapping` (`id`, `column_mapping_id`, `source_value`, `target_value`, `creator`, `create_time`, `updater`, `update_time`) VALUES (332, 1, '011219', '011219', NULL, '2025-07-23 10:23:49', NULL, '2025-08-13 12:40:21');
INSERT IGNORE INTO `value_mapping` (`id`, `column_mapping_id`, `source_value`, `target_value`, `creator`, `create_time`, `updater`, `update_time`) VALUES (333, 1, '011220', '011220', NULL, '2025-07-23 10:23:49', NULL, '2025-08-13 12:40:21');
INSERT IGNORE INTO `value_mapping` (`id`, `column_mapping_id`, `source_value`, `target_value`, `creator`, `create_time`, `updater`, `update_time`) VALUES (334, 1, '011221', '011221', NULL, '2025-07-23 10:23:49', NULL, '2025-08-13 12:40:21');
INSERT IGNORE INTO `value_mapping` (`id`, `column_mapping_id`, `source_value`, `target_value`, `creator`, `create_time`, `updater`, `update_time`) VALUES (335, 1, '011222', '011222', NULL, '2025-07-23 10:23:49', NULL, '2025-08-13 12:40:21');
INSERT IGNORE INTO `value_mapping` (`id`, `column_mapping_id`, `source_value`, `target_value`, `creator`, `create_time`, `updater`, `update_time`) VALUES (336, 1, '011223', '011223', NULL, '2025-07-23 10:23:49', NULL, '2025-08-13 12:40:21');
INSERT IGNORE INTO `value_mapping` (`id`, `column_mapping_id`, `source_value`, `target_value`, `creator`, `create_time`, `updater`, `update_time`) VALUES (337, 1, '011224', '011224', NULL, '2025-07-23 10:23:49', NULL, '2025-08-13 12:40:21');
INSERT IGNORE INTO `value_mapping` (`id`, `column_mapping_id`, `source_value`, `target_value`, `creator`, `create_time`, `updater`, `update_time`) VALUES (338, 1, '011225', '011225', NULL, '2025-07-23 10:23:49', NULL, '2025-08-13 12:40:21');
INSERT IGNORE INTO `value_mapping` (`id`, `column_mapping_id`, `source_value`, `target_value`, `creator`, `create_time`, `updater`, `update_time`) VALUES (339, 1, '011226', '011226', NULL, '2025-07-23 10:23:49', NULL, '2025-08-13 12:40:21');
INSERT IGNORE INTO `value_mapping` (`id`, `column_mapping_id`, `source_value`, `target_value`, `creator`, `create_time`, `updater`, `update_time`) VALUES (340, 1, '011227', '011227', NULL, '2025-07-23 10:23:49', NULL, '2025-08-13 12:40:21');
INSERT IGNORE INTO `value_mapping` (`id`, `column_mapping_id`, `source_value`, `target_value`, `creator`, `create_time`, `updater`, `update_time`) VALUES (341, 1, '011228', '011228', NULL, '2025-07-23 10:23:49', NULL, '2025-08-13 12:40:21');
INSERT IGNORE INTO `value_mapping` (`id`, `column_mapping_id`, `source_value`, `target_value`, `creator`, `create_time`, `updater`, `update_time`) VALUES (342, 1, '011229', '011229', NULL, '2025-07-23 10:23:49', NULL, '2025-08-13 12:40:21');
INSERT IGNORE INTO `value_mapping` (`id`, `column_mapping_id`, `source_value`, `target_value`, `creator`, `create_time`, `updater`, `update_time`) VALUES (343, 1, '011230', '011230', NULL, '2025-07-23 10:23:49', NULL, '2025-08-13 12:40:21');
INSERT IGNORE INTO `value_mapping` (`id`, `column_mapping_id`, `source_value`, `target_value`, `creator`, `create_time`, `updater`, `update_time`) VALUES (344, 1, '011231', '011231', NULL, '2025-07-23 10:23:49', NULL, '2025-08-13 12:40:21');
INSERT IGNORE INTO `value_mapping` (`id`, `column_mapping_id`, `source_value`, `target_value`, `creator`, `create_time`, `updater`, `update_time`) VALUES (345, 1, '011232', '011232', NULL, '2025-07-23 10:23:49', NULL, '2025-08-13 12:40:21');
INSERT IGNORE INTO `value_mapping` (`id`, `column_mapping_id`, `source_value`, `target_value`, `creator`, `create_time`, `updater`, `update_time`) VALUES (346, 1, '011234', '011234', NULL, '2025-07-23 10:23:49', NULL, '2025-08-13 12:40:21');
INSERT IGNORE INTO `value_mapping` (`id`, `column_mapping_id`, `source_value`, `target_value`, `creator`, `create_time`, `updater`, `update_time`) VALUES (347, 1, '011235', '011235', NULL, '2025-07-23 10:23:49', NULL, '2025-08-13 12:40:21');
INSERT IGNORE INTO `value_mapping` (`id`, `column_mapping_id`, `source_value`, `target_value`, `creator`, `create_time`, `updater`, `update_time`) VALUES (348, 1, '011236', '011236', NULL, '2025-07-23 10:23:49', NULL, '2025-08-13 12:40:21');
INSERT IGNORE INTO `value_mapping` (`id`, `column_mapping_id`, `source_value`, `target_value`, `creator`, `create_time`, `updater`, `update_time`) VALUES (349, 1, '011237', '011237', NULL, '2025-07-23 10:23:49', NULL, '2025-08-13 12:40:21');
INSERT IGNORE INTO `value_mapping` (`id`, `column_mapping_id`, `source_value`, `target_value`, `creator`, `create_time`, `updater`, `update_time`) VALUES (350, 1, '011238', '011238', NULL, '2025-07-23 10:23:49', NULL, '2025-08-13 12:40:21');
INSERT IGNORE INTO `value_mapping` (`id`, `column_mapping_id`, `source_value`, `target_value`, `creator`, `create_time`, `updater`, `update_time`) VALUES (351, 1, '011240', '011240', NULL, '2025-07-23 10:23:49', NULL, '2025-08-13 12:40:21');
INSERT IGNORE INTO `value_mapping` (`id`, `column_mapping_id`, `source_value`, `target_value`, `creator`, `create_time`, `updater`, `update_time`) VALUES (352, 1, '011241', '011241', NULL, '2025-07-23 10:23:49', NULL, '2025-08-13 12:40:21');
INSERT IGNORE INTO `value_mapping` (`id`, `column_mapping_id`, `source_value`, `target_value`, `creator`, `create_time`, `updater`, `update_time`) VALUES (353, 1, '011242', '011242', NULL, '2025-07-23 10:23:49', NULL, '2025-08-13 12:40:21');
INSERT IGNORE INTO `value_mapping` (`id`, `column_mapping_id`, `source_value`, `target_value`, `creator`, `create_time`, `updater`, `update_time`) VALUES (354, 1, '011244', '011244', NULL, '2025-07-23 10:23:49', NULL, '2025-08-13 12:40:21');
INSERT IGNORE INTO `value_mapping` (`id`, `column_mapping_id`, `source_value`, `target_value`, `creator`, `create_time`, `updater`, `update_time`) VALUES (355, 1, '011245', '011245', NULL, '2025-07-23 10:23:49', NULL, '2025-08-13 12:40:21');
INSERT IGNORE INTO `value_mapping` (`id`, `column_mapping_id`, `source_value`, `target_value`, `creator`, `create_time`, `updater`, `update_time`) VALUES (356, 1, '011246', '011246', NULL, '2025-07-23 10:23:49', NULL, '2025-08-13 12:40:21');
INSERT IGNORE INTO `value_mapping` (`id`, `column_mapping_id`, `source_value`, `target_value`, `creator`, `create_time`, `updater`, `update_time`) VALUES (357, 1, '011247', '011247', NULL, '2025-07-23 10:23:49', NULL, '2025-08-13 12:40:21');
INSERT IGNORE INTO `value_mapping` (`id`, `column_mapping_id`, `source_value`, `target_value`, `creator`, `create_time`, `updater`, `update_time`) VALUES (358, 1, '011248', '011248', NULL, '2025-07-23 10:23:49', NULL, '2025-08-13 12:40:21');
INSERT IGNORE INTO `value_mapping` (`id`, `column_mapping_id`, `source_value`, `target_value`, `creator`, `create_time`, `updater`, `update_time`) VALUES (359, 1, '011249', '011249', NULL, '2025-07-23 10:23:49', NULL, '2025-08-13 12:40:21');
INSERT IGNORE INTO `value_mapping` (`id`, `column_mapping_id`, `source_value`, `target_value`, `creator`, `create_time`, `updater`, `update_time`) VALUES (360, 1, '011251', '011251', NULL, '2025-07-23 10:23:49', NULL, '2025-08-13 12:40:21');
INSERT IGNORE INTO `value_mapping` (`id`, `column_mapping_id`, `source_value`, `target_value`, `creator`, `create_time`, `updater`, `update_time`) VALUES (361, 1, '011252', '011252', NULL, '2025-07-23 10:23:49', NULL, '2025-08-13 12:40:21');
INSERT IGNORE INTO `value_mapping` (`id`, `column_mapping_id`, `source_value`, `target_value`, `creator`, `create_time`, `updater`, `update_time`) VALUES (362, 1, '011253', '011253', NULL, '2025-07-23 10:23:49', NULL, '2025-08-13 12:40:21');
INSERT IGNORE INTO `value_mapping` (`id`, `column_mapping_id`, `source_value`, `target_value`, `creator`, `create_time`, `updater`, `update_time`) VALUES (363, 1, '011254', '011254', NULL, '2025-07-23 10:23:49', NULL, '2025-08-13 12:40:21');
INSERT IGNORE INTO `value_mapping` (`id`, `column_mapping_id`, `source_value`, `target_value`, `creator`, `create_time`, `updater`, `update_time`) VALUES (364, 1, '011255', '011255', NULL, '2025-07-23 10:23:49', NULL, '2025-08-13 12:40:21');
INSERT IGNORE INTO `value_mapping` (`id`, `column_mapping_id`, `source_value`, `target_value`, `creator`, `create_time`, `updater`, `update_time`) VALUES (365, 1, '011256', '011256', NULL, '2025-07-23 10:23:49', NULL, '2025-08-13 12:40:21');
INSERT IGNORE INTO `value_mapping` (`id`, `column_mapping_id`, `source_value`, `target_value`, `creator`, `create_time`, `updater`, `update_time`) VALUES (366, 1, '011257', '011257', NULL, '2025-07-23 10:23:49', NULL, '2025-08-13 12:40:21');
INSERT IGNORE INTO `value_mapping` (`id`, `column_mapping_id`, `source_value`, `target_value`, `creator`, `create_time`, `updater`, `update_time`) VALUES (367, 1, '011258', '011258', NULL, '2025-07-23 10:23:49', NULL, '2025-08-13 12:40:21');
INSERT IGNORE INTO `value_mapping` (`id`, `column_mapping_id`, `source_value`, `target_value`, `creator`, `create_time`, `updater`, `update_time`) VALUES (368, 1, '011259', '011259', NULL, '2025-07-23 10:23:49', NULL, '2025-08-13 12:40:21');
INSERT IGNORE INTO `value_mapping` (`id`, `column_mapping_id`, `source_value`, `target_value`, `creator`, `create_time`, `updater`, `update_time`) VALUES (369, 1, '011260', '011260', NULL, '2025-07-23 10:23:49', NULL, '2025-08-13 12:40:21');
INSERT IGNORE INTO `value_mapping` (`id`, `column_mapping_id`, `source_value`, `target_value`, `creator`, `create_time`, `updater`, `update_time`) VALUES (370, 1, '011261', '011261', NULL, '2025-07-23 10:23:49', NULL, '2025-08-13 12:40:21');
INSERT IGNORE INTO `value_mapping` (`id`, `column_mapping_id`, `source_value`, `target_value`, `creator`, `create_time`, `updater`, `update_time`) VALUES (371, 1, '011262', '011262', NULL, '2025-07-23 10:23:49', NULL, '2025-08-13 12:40:21');
INSERT IGNORE INTO `value_mapping` (`id`, `column_mapping_id`, `source_value`, `target_value`, `creator`, `create_time`, `updater`, `update_time`) VALUES (372, 1, '011263', '011263', NULL, '2025-07-23 10:23:49', NULL, '2025-08-13 12:40:21');
INSERT IGNORE INTO `value_mapping` (`id`, `column_mapping_id`, `source_value`, `target_value`, `creator`, `create_time`, `updater`, `update_time`) VALUES (373, 1, '011264', '011264', NULL, '2025-07-23 10:23:49', NULL, '2025-08-13 12:40:21');
INSERT IGNORE INTO `value_mapping` (`id`, `column_mapping_id`, `source_value`, `target_value`, `creator`, `create_time`, `updater`, `update_time`) VALUES (374, 1, '011266', '011266', NULL, '2025-07-23 10:23:49', NULL, '2025-08-13 12:40:21');
INSERT IGNORE INTO `value_mapping` (`id`, `column_mapping_id`, `source_value`, `target_value`, `creator`, `create_time`, `updater`, `update_time`) VALUES (375, 1, '011267', '011267', NULL, '2025-07-23 10:23:49', NULL, '2025-08-13 12:40:21');
INSERT IGNORE INTO `value_mapping` (`id`, `column_mapping_id`, `source_value`, `target_value`, `creator`, `create_time`, `updater`, `update_time`) VALUES (376, 1, '011268', '011268', NULL, '2025-07-23 10:23:49', NULL, '2025-08-13 12:40:21');
INSERT IGNORE INTO `value_mapping` (`id`, `column_mapping_id`, `source_value`, `target_value`, `creator`, `create_time`, `updater`, `update_time`) VALUES (377, 1, '011269', '011269', NULL, '2025-07-23 10:23:49', NULL, '2025-08-13 12:40:21');
INSERT IGNORE INTO `value_mapping` (`id`, `column_mapping_id`, `source_value`, `target_value`, `creator`, `create_time`, `updater`, `update_time`) VALUES (378, 1, '011270', '011270', NULL, '2025-07-23 10:23:49', NULL, '2025-08-13 12:40:21');
INSERT IGNORE INTO `value_mapping` (`id`, `column_mapping_id`, `source_value`, `target_value`, `creator`, `create_time`, `updater`, `update_time`) VALUES (379, 1, '011271', '011271', NULL, '2025-07-23 10:23:49', NULL, '2025-08-13 12:40:21');
INSERT IGNORE INTO `value_mapping` (`id`, `column_mapping_id`, `source_value`, `target_value`, `creator`, `create_time`, `updater`, `update_time`) VALUES (380, 1, '011273', '011273', NULL, '2025-07-23 10:23:49', NULL, '2025-08-13 12:40:21');
INSERT IGNORE INTO `value_mapping` (`id`, `column_mapping_id`, `source_value`, `target_value`, `creator`, `create_time`, `updater`, `update_time`) VALUES (381, 1, '050001', '050001', NULL, '2025-07-23 10:23:49', NULL, '2025-08-13 12:40:21');
INSERT IGNORE INTO `value_mapping` (`id`, `column_mapping_id`, `source_value`, `target_value`, `creator`, `create_time`, `updater`, `update_time`) VALUES (382, 1, '030002', '030002', NULL, '2025-07-23 10:23:49', NULL, '2025-08-13 12:40:21');
INSERT IGNORE INTO `value_mapping` (`id`, `column_mapping_id`, `source_value`, `target_value`, `creator`, `create_time`, `updater`, `update_time`) VALUES (383, 1, '030010', '030010', NULL, '2025-07-23 10:23:49', NULL, '2025-08-13 12:40:21');
INSERT IGNORE INTO `value_mapping` (`id`, `column_mapping_id`, `source_value`, `target_value`, `creator`, `create_time`, `updater`, `update_time`) VALUES (384, 1, '030013', '030013', NULL, '2025-07-23 10:23:49', NULL, '2025-08-13 12:40:21');
INSERT IGNORE INTO `value_mapping` (`id`, `column_mapping_id`, `source_value`, `target_value`, `creator`, `create_time`, `updater`, `update_time`) VALUES (385, 1, '030018', '030018', NULL, '2025-07-23 10:23:49', NULL, '2025-08-13 12:40:21');
INSERT IGNORE INTO `value_mapping` (`id`, `column_mapping_id`, `source_value`, `target_value`, `creator`, `create_time`, `updater`, `update_time`) VALUES (386, 1, '030016', '030016', NULL, '2025-07-23 10:23:49', NULL, '2025-08-13 12:40:21');
INSERT IGNORE INTO `value_mapping` (`id`, `column_mapping_id`, `source_value`, `target_value`, `creator`, `create_time`, `updater`, `update_time`) VALUES (387, 1, '011277', '011277', NULL, '2025-07-23 10:23:49', NULL, '2025-08-13 12:40:21');
INSERT IGNORE INTO `value_mapping` (`id`, `column_mapping_id`, `source_value`, `target_value`, `creator`, `create_time`, `updater`, `update_time`) VALUES (388, 1, '011281', '011281', NULL, '2025-07-23 10:23:49', NULL, '2025-08-13 12:40:21');
INSERT IGNORE INTO `value_mapping` (`id`, `column_mapping_id`, `source_value`, `target_value`, `creator`, `create_time`, `updater`, `update_time`) VALUES (389, 1, '011275', '011275', NULL, '2025-07-23 10:23:49', NULL, '2025-08-13 12:40:21');
INSERT IGNORE INTO `value_mapping` (`id`, `column_mapping_id`, `source_value`, `target_value`, `creator`, `create_time`, `updater`, `update_time`) VALUES (390, 1, '011274', '011274', NULL, '2025-07-23 10:23:49', NULL, '2025-08-13 12:40:21');
INSERT IGNORE INTO `value_mapping` (`id`, `column_mapping_id`, `source_value`, `target_value`, `creator`, `create_time`, `updater`, `update_time`) VALUES (391, 1, '011279', '011279', NULL, '2025-07-23 10:23:49', NULL, '2025-08-13 12:40:21');
INSERT IGNORE INTO `value_mapping` (`id`, `column_mapping_id`, `source_value`, `target_value`, `creator`, `create_time`, `updater`, `update_time`) VALUES (392, 1, '011278', '011278', NULL, '2025-07-23 10:23:49', NULL, '2025-08-13 12:40:21');
INSERT IGNORE INTO `value_mapping` (`id`, `column_mapping_id`, `source_value`, `target_value`, `creator`, `create_time`, `updater`, `update_time`) VALUES (393, 1, '011280', '011280', NULL, '2025-07-23 10:23:49', NULL, '2025-08-13 12:40:21');
INSERT IGNORE INTO `value_mapping` (`id`, `column_mapping_id`, `source_value`, `target_value`, `creator`, `create_time`, `updater`, `update_time`) VALUES (394, 1, '011276', '011276', NULL, '2025-07-23 10:23:49', NULL, '2025-08-13 12:40:21');
INSERT IGNORE INTO `value_mapping` (`id`, `column_mapping_id`, `source_value`, `target_value`, `creator`, `create_time`, `updater`, `update_time`) VALUES (395, 1, '011272', '011272', NULL, '2025-07-23 10:23:49', NULL, '2025-08-13 12:40:21');
INSERT IGNORE INTO `value_mapping` (`id`, `column_mapping_id`, `source_value`, `target_value`, `creator`, `create_time`, `updater`, `update_time`) VALUES (396, 1, '030001', '030001', NULL, '2025-07-23 10:23:49', NULL, '2025-08-13 12:40:21');
INSERT IGNORE INTO `value_mapping` (`id`, `column_mapping_id`, `source_value`, `target_value`, `creator`, `create_time`, `updater`, `update_time`) VALUES (397, 1, '030005', '030005', NULL, '2025-07-23 10:23:49', NULL, '2025-08-13 12:40:21');
INSERT IGNORE INTO `value_mapping` (`id`, `column_mapping_id`, `source_value`, `target_value`, `creator`, `create_time`, `updater`, `update_time`) VALUES (398, 1, '030008', '030008', NULL, '2025-07-23 10:23:49', NULL, '2025-08-13 12:40:21');
INSERT IGNORE INTO `value_mapping` (`id`, `column_mapping_id`, `source_value`, `target_value`, `creator`, `create_time`, `updater`, `update_time`) VALUES (399, 1, '030017', '030017', NULL, '2025-07-23 10:23:49', NULL, '2025-08-13 12:40:21');
INSERT IGNORE INTO `value_mapping` (`id`, `column_mapping_id`, `source_value`, `target_value`, `creator`, `create_time`, `updater`, `update_time`) VALUES (400, 1, '030019', '030019', NULL, '2025-07-23 10:23:49', NULL, '2025-08-13 12:40:21');
INSERT IGNORE INTO `value_mapping` (`id`, `column_mapping_id`, `source_value`, `target_value`, `creator`, `create_time`, `updater`, `update_time`) VALUES (401, 1, '030020', '030020', NULL, '2025-07-23 10:23:49', NULL, '2025-08-13 12:40:21');
INSERT IGNORE INTO `value_mapping` (`id`, `column_mapping_id`, `source_value`, `target_value`, `creator`, `create_time`, `updater`, `update_time`) VALUES (402, 1, '030021', '030021', NULL, '2025-07-23 10:23:49', NULL, '2025-08-13 12:40:21');
INSERT IGNORE INTO `value_mapping` (`id`, `column_mapping_id`, `source_value`, `target_value`, `creator`, `create_time`, `updater`, `update_time`) VALUES (403, 1, '030024', '030024', NULL, '2025-07-23 10:23:49', NULL, '2025-08-13 12:40:21');
INSERT IGNORE INTO `value_mapping` (`id`, `column_mapping_id`, `source_value`, `target_value`, `creator`, `create_time`, `updater`, `update_time`) VALUES (404, 1, '030026', '030026', NULL, '2025-07-23 10:23:49', NULL, '2025-08-13 12:40:21');
INSERT IGNORE INTO `value_mapping` (`id`, `column_mapping_id`, `source_value`, `target_value`, `creator`, `create_time`, `updater`, `update_time`) VALUES (405, 1, '011283', '011283', NULL, '2025-07-23 10:23:49', NULL, '2025-08-13 12:40:21');
INSERT IGNORE INTO `value_mapping` (`id`, `column_mapping_id`, `source_value`, `target_value`, `creator`, `create_time`, `updater`, `update_time`) VALUES (406, 1, '011282', '011282', NULL, '2025-07-23 10:23:49', NULL, '2025-08-13 12:40:21');
INSERT IGNORE INTO `value_mapping` (`id`, `column_mapping_id`, `source_value`, `target_value`, `creator`, `create_time`, `updater`, `update_time`) VALUES (407, 1, '010284', '010284', NULL, '2025-07-23 10:23:49', NULL, '2025-08-13 12:40:21');
INSERT IGNORE INTO `value_mapping` (`id`, `column_mapping_id`, `source_value`, `target_value`, `creator`, `create_time`, `updater`, `update_time`) VALUES (408, 1, '010471', '010471', NULL, '2025-07-23 10:23:49', NULL, '2025-08-13 12:40:21');
INSERT IGNORE INTO `value_mapping` (`id`, `column_mapping_id`, `source_value`, `target_value`, `creator`, `create_time`, `updater`, `update_time`) VALUES (409, 1, '011117', '011117', NULL, '2025-07-23 10:23:49', NULL, '2025-08-13 12:40:21');
INSERT IGNORE INTO `value_mapping` (`id`, `column_mapping_id`, `source_value`, `target_value`, `creator`, `create_time`, `updater`, `update_time`) VALUES (410, 1, '011059', '011059', NULL, '2025-07-23 10:23:49', NULL, '2025-08-13 12:40:21');
INSERT IGNORE INTO `value_mapping` (`id`, `column_mapping_id`, `source_value`, `target_value`, `creator`, `create_time`, `updater`, `update_time`) VALUES (411, 1, '010734', '010734', NULL, '2025-07-23 10:23:49', NULL, '2025-08-13 12:40:21');
INSERT IGNORE INTO `value_mapping` (`id`, `column_mapping_id`, `source_value`, `target_value`, `creator`, `create_time`, `updater`, `update_time`) VALUES (412, 1, '011118', '011118', NULL, '2025-07-23 10:23:49', NULL, '2025-08-13 12:40:21');
INSERT IGNORE INTO `value_mapping` (`id`, `column_mapping_id`, `source_value`, `target_value`, `creator`, `create_time`, `updater`, `update_time`) VALUES (413, 1, '011212', '011212', NULL, '2025-07-23 10:23:49', NULL, '2025-08-13 12:40:21');
INSERT IGNORE INTO `value_mapping` (`id`, `column_mapping_id`, `source_value`, `target_value`, `creator`, `create_time`, `updater`, `update_time`) VALUES (414, 1, '010767', '010767', NULL, '2025-07-23 10:23:49', NULL, '2025-08-13 12:40:21');
INSERT IGNORE INTO `value_mapping` (`id`, `column_mapping_id`, `source_value`, `target_value`, `creator`, `create_time`, `updater`, `update_time`) VALUES (415, 1, '010768', '010768', NULL, '2025-07-23 10:23:49', NULL, '2025-08-13 12:40:21');
INSERT IGNORE INTO `value_mapping` (`id`, `column_mapping_id`, `source_value`, `target_value`, `creator`, `create_time`, `updater`, `update_time`) VALUES (416, 1, '010648', '010648', NULL, '2025-07-23 10:23:49', NULL, '2025-08-13 12:40:21');
INSERT IGNORE INTO `value_mapping` (`id`, `column_mapping_id`, `source_value`, `target_value`, `creator`, `create_time`, `updater`, `update_time`) VALUES (417, 1, '010796', '010796', NULL, '2025-07-23 10:23:49', NULL, '2025-08-13 12:40:21');
INSERT IGNORE INTO `value_mapping` (`id`, `column_mapping_id`, `source_value`, `target_value`, `creator`, `create_time`, `updater`, `update_time`) VALUES (418, 1, '011023', '011023', NULL, '2025-07-23 10:23:49', NULL, '2025-08-13 12:40:21');
INSERT IGNORE INTO `value_mapping` (`id`, `column_mapping_id`, `source_value`, `target_value`, `creator`, `create_time`, `updater`, `update_time`) VALUES (419, 1, '010910', '010910', NULL, '2025-07-23 10:23:49', NULL, '2025-08-13 12:40:21');
INSERT IGNORE INTO `value_mapping` (`id`, `column_mapping_id`, `source_value`, `target_value`, `creator`, `create_time`, `updater`, `update_time`) VALUES (420, 1, '010766', '010766', NULL, '2025-07-23 10:23:49', NULL, '2025-08-13 12:40:21');
INSERT IGNORE INTO `value_mapping` (`id`, `column_mapping_id`, `source_value`, `target_value`, `creator`, `create_time`, `updater`, `update_time`) VALUES (421, 1, '010771', '010771', NULL, '2025-07-23 10:23:49', NULL, '2025-08-13 12:40:21');
INSERT IGNORE INTO `value_mapping` (`id`, `column_mapping_id`, `source_value`, `target_value`, `creator`, `create_time`, `updater`, `update_time`) VALUES (422, 1, '010575', '010575', NULL, '2025-07-23 10:23:49', NULL, '2025-08-13 12:40:21');
INSERT IGNORE INTO `value_mapping` (`id`, `column_mapping_id`, `source_value`, `target_value`, `creator`, `create_time`, `updater`, `update_time`) VALUES (423, 1, '20108', '20108', NULL, '2025-07-23 10:23:49', NULL, '2025-08-13 12:40:21');
INSERT IGNORE INTO `value_mapping` (`id`, `column_mapping_id`, `source_value`, `target_value`, `creator`, `create_time`, `updater`, `update_time`) VALUES (424, 1, '030025', '030025', NULL, '2025-07-23 10:23:49', NULL, '2025-08-13 12:40:21');
INSERT IGNORE INTO `value_mapping` (`id`, `column_mapping_id`, `source_value`, `target_value`, `creator`, `create_time`, `updater`, `update_time`) VALUES (425, 1, '20119', '20119', NULL, '2025-07-23 10:23:49', NULL, '2025-08-13 12:40:21');
INSERT IGNORE INTO `value_mapping` (`id`, `column_mapping_id`, `source_value`, `target_value`, `creator`, `create_time`, `updater`, `update_time`) VALUES (426, 1, '20123', '20123', NULL, '2025-07-23 10:23:49', NULL, '2025-08-13 12:40:21');
INSERT IGNORE INTO `value_mapping` (`id`, `column_mapping_id`, `source_value`, `target_value`, `creator`, `create_time`, `updater`, `update_time`) VALUES (427, 1, '20126', '20126', NULL, '2025-07-23 10:23:49', NULL, '2025-08-13 12:40:21');
INSERT IGNORE INTO `value_mapping` (`id`, `column_mapping_id`, `source_value`, `target_value`, `creator`, `create_time`, `updater`, `update_time`) VALUES (428, 1, '20131', '20131', NULL, '2025-07-23 10:23:49', NULL, '2025-08-13 12:40:21');
INSERT IGNORE INTO `value_mapping` (`id`, `column_mapping_id`, `source_value`, `target_value`, `creator`, `create_time`, `updater`, `update_time`) VALUES (429, 1, '20132', '20132', NULL, '2025-07-23 10:23:49', NULL, '2025-08-13 12:40:21');
INSERT IGNORE INTO `value_mapping` (`id`, `column_mapping_id`, `source_value`, `target_value`, `creator`, `create_time`, `updater`, `update_time`) VALUES (430, 1, '20134', '20134', NULL, '2025-07-23 10:23:49', NULL, '2025-08-13 12:40:21');
INSERT IGNORE INTO `value_mapping` (`id`, `column_mapping_id`, `source_value`, `target_value`, `creator`, `create_time`, `updater`, `update_time`) VALUES (431, 1, '20139', '20139', NULL, '2025-07-23 10:23:49', NULL, '2025-08-13 12:40:21');
INSERT IGNORE INTO `value_mapping` (`id`, `column_mapping_id`, `source_value`, `target_value`, `creator`, `create_time`, `updater`, `update_time`) VALUES (432, 1, '20140', '20140', NULL, '2025-07-23 10:23:49', NULL, '2025-08-13 12:40:21');
INSERT IGNORE INTO `value_mapping` (`id`, `column_mapping_id`, `source_value`, `target_value`, `creator`, `create_time`, `updater`, `update_time`) VALUES (433, 1, '20142', '20142', NULL, '2025-07-23 10:23:49', NULL, '2025-08-13 12:40:21');
INSERT IGNORE INTO `value_mapping` (`id`, `column_mapping_id`, `source_value`, `target_value`, `creator`, `create_time`, `updater`, `update_time`) VALUES (434, 1, '20143', '20143', NULL, '2025-07-23 10:23:49', NULL, '2025-08-13 12:40:21');
INSERT IGNORE INTO `value_mapping` (`id`, `column_mapping_id`, `source_value`, `target_value`, `creator`, `create_time`, `updater`, `update_time`) VALUES (435, 1, '20144', '20144', NULL, '2025-07-23 10:23:49', NULL, '2025-08-13 12:40:21');
INSERT IGNORE INTO `value_mapping` (`id`, `column_mapping_id`, `source_value`, `target_value`, `creator`, `create_time`, `updater`, `update_time`) VALUES (436, 1, '20145', '20145', NULL, '2025-07-23 10:23:49', NULL, '2025-08-13 12:40:21');
INSERT IGNORE INTO `value_mapping` (`id`, `column_mapping_id`, `source_value`, `target_value`, `creator`, `create_time`, `updater`, `update_time`) VALUES (437, 1, '20146', '20146', NULL, '2025-07-23 10:23:49', NULL, '2025-08-13 12:40:21');
INSERT IGNORE INTO `value_mapping` (`id`, `column_mapping_id`, `source_value`, `target_value`, `creator`, `create_time`, `updater`, `update_time`) VALUES (438, 1, '20147', '20147', NULL, '2025-07-23 10:23:49', NULL, '2025-08-13 12:40:21');
INSERT IGNORE INTO `value_mapping` (`id`, `column_mapping_id`, `source_value`, `target_value`, `creator`, `create_time`, `updater`, `update_time`) VALUES (439, 1, '20148', '20148', NULL, '2025-07-23 10:23:49', NULL, '2025-08-13 12:40:21');
INSERT IGNORE INTO `value_mapping` (`id`, `column_mapping_id`, `source_value`, `target_value`, `creator`, `create_time`, `updater`, `update_time`) VALUES (440, 1, '20149', '20149', NULL, '2025-07-23 10:23:49', NULL, '2025-08-13 12:40:21');
INSERT IGNORE INTO `value_mapping` (`id`, `column_mapping_id`, `source_value`, `target_value`, `creator`, `create_time`, `updater`, `update_time`) VALUES (441, 1, '20150', '20150', NULL, '2025-07-23 10:23:49', NULL, '2025-08-13 12:40:21');
INSERT IGNORE INTO `value_mapping` (`id`, `column_mapping_id`, `source_value`, `target_value`, `creator`, `create_time`, `updater`, `update_time`) VALUES (442, 1, '20151', '20151', NULL, '2025-07-23 10:23:49', NULL, '2025-08-13 12:40:21');
INSERT IGNORE INTO `value_mapping` (`id`, `column_mapping_id`, `source_value`, `target_value`, `creator`, `create_time`, `updater`, `update_time`) VALUES (443, 1, '20152', '20152', NULL, '2025-07-23 10:23:49', NULL, '2025-08-13 12:40:21');
INSERT IGNORE INTO `value_mapping` (`id`, `column_mapping_id`, `source_value`, `target_value`, `creator`, `create_time`, `updater`, `update_time`) VALUES (444, 1, '20153', '20153', NULL, '2025-07-23 10:23:49', NULL, '2025-08-13 12:40:21');
INSERT IGNORE INTO `value_mapping` (`id`, `column_mapping_id`, `source_value`, `target_value`, `creator`, `create_time`, `updater`, `update_time`) VALUES (445, 1, '20155', '20155', NULL, '2025-07-23 10:23:49', NULL, '2025-08-13 12:40:21');
INSERT IGNORE INTO `value_mapping` (`id`, `column_mapping_id`, `source_value`, `target_value`, `creator`, `create_time`, `updater`, `update_time`) VALUES (446, 1, '20156', '20156', NULL, '2025-07-23 10:23:49', NULL, '2025-08-13 12:40:21');
INSERT IGNORE INTO `value_mapping` (`id`, `column_mapping_id`, `source_value`, `target_value`, `creator`, `create_time`, `updater`, `update_time`) VALUES (447, 2, '2000', '1888', NULL, '2025-07-23 10:23:56', NULL, '2025-08-13 12:40:21');
INSERT IGNORE INTO `value_mapping` (`id`, `column_mapping_id`, `source_value`, `target_value`, `creator`, `create_time`, `updater`, `update_time`) VALUES (448, 2, '2100', '1101', NULL, '2025-07-23 10:23:56', NULL, '2025-08-13 12:40:21');
INSERT IGNORE INTO `value_mapping` (`id`, `column_mapping_id`, `source_value`, `target_value`, `creator`, `create_time`, `updater`, `update_time`) VALUES (449, 2, '2200', '1108', NULL, '2025-07-23 10:23:56', NULL, '2025-08-13 12:40:21');
INSERT IGNORE INTO `value_mapping` (`id`, `column_mapping_id`, `source_value`, `target_value`, `creator`, `create_time`, `updater`, `update_time`) VALUES (450, 2, '2300', '1102', NULL, '2025-07-23 10:23:56', NULL, '2025-08-13 12:40:21');
INSERT IGNORE INTO `value_mapping` (`id`, `column_mapping_id`, `source_value`, `target_value`, `creator`, `create_time`, `updater`, `update_time`) VALUES (451, 2, '2400', '1107', NULL, '2025-07-23 10:23:56', NULL, '2025-08-13 12:40:21');
INSERT IGNORE INTO `value_mapping` (`id`, `column_mapping_id`, `source_value`, `target_value`, `creator`, `create_time`, `updater`, `update_time`) VALUES (452, 2, '2500', '1103', NULL, '2025-07-23 10:23:56', NULL, '2025-08-13 12:40:21');
INSERT IGNORE INTO `value_mapping` (`id`, `column_mapping_id`, `source_value`, `target_value`, `creator`, `create_time`, `updater`, `update_time`) VALUES (453, 2, '2700', '0000', NULL, '2025-07-23 10:23:56', NULL, '2025-08-13 12:40:21');
INSERT IGNORE INTO `value_mapping` (`id`, `column_mapping_id`, `source_value`, `target_value`, `creator`, `create_time`, `updater`, `update_time`) VALUES (454, 2, '2800', '1106', NULL, '2025-07-23 10:23:56', NULL, '2025-08-13 12:40:21');
INSERT IGNORE INTO `value_mapping` (`id`, `column_mapping_id`, `source_value`, `target_value`, `creator`, `create_time`, `updater`, `update_time`) VALUES (455, 2, '2600', '1105', NULL, '2025-07-23 10:23:56', NULL, '2025-08-13 12:40:21');
INSERT IGNORE INTO `value_mapping` (`id`, `column_mapping_id`, `source_value`, `target_value`, `creator`, `create_time`, `updater`, `update_time`) VALUES (456, 2, '1000', '0000', NULL, '2025-07-23 10:24:01', NULL, '2025-08-13 12:40:21');
INSERT IGNORE INTO `value_mapping` (`id`, `column_mapping_id`, `source_value`, `target_value`, `creator`, `create_time`, `updater`, `update_time`) VALUES (457, 2, '1100', '0000', NULL, '2025-07-23 10:24:01', NULL, '2025-08-13 12:40:21');
INSERT IGNORE INTO `value_mapping` (`id`, `column_mapping_id`, `source_value`, `target_value`, `creator`, `create_time`, `updater`, `update_time`) VALUES (458, 2, '1200', '0000', NULL, '2025-07-23 10:24:01', NULL, '2025-08-13 12:40:21');
INSERT IGNORE INTO `value_mapping` (`id`, `column_mapping_id`, `source_value`, `target_value`, `creator`, `create_time`, `updater`, `update_time`) VALUES (459, 2, '1201', '0000', NULL, '2025-07-23 10:24:01', NULL, '2025-08-13 12:40:21');
INSERT IGNORE INTO `value_mapping` (`id`, `column_mapping_id`, `source_value`, `target_value`, `creator`, `create_time`, `updater`, `update_time`) VALUES (460, 2, '202306', '0000', NULL, '2025-07-23 10:24:01', NULL, '2025-08-13 12:40:21');
INSERT IGNORE INTO `value_mapping` (`id`, `column_mapping_id`, `source_value`, `target_value`, `creator`, `create_time`, `updater`, `update_time`) VALUES (461, 2, '202302', '0000', NULL, '2025-07-23 10:24:01', NULL, '2025-08-13 12:40:21');
INSERT IGNORE INTO `value_mapping` (`id`, `column_mapping_id`, `source_value`, `target_value`, `creator`, `create_time`, `updater`, `update_time`) VALUES (462, 2, '202404', '0000', NULL, '2025-07-23 10:24:01', NULL, '2025-08-13 12:40:21');
INSERT IGNORE INTO `value_mapping` (`id`, `column_mapping_id`, `source_value`, `target_value`, `creator`, `create_time`, `updater`, `update_time`) VALUES (463, 2, '202403', '0000', NULL, '2025-07-23 10:24:01', NULL, '2025-08-13 12:40:21');
INSERT IGNORE INTO `value_mapping` (`id`, `column_mapping_id`, `source_value`, `target_value`, `creator`, `create_time`, `updater`, `update_time`) VALUES (464, 2, '202401', '0000', NULL, '2025-07-23 10:24:01', NULL, '2025-08-13 12:40:21');
INSERT IGNORE INTO `value_mapping` (`id`, `column_mapping_id`, `source_value`, `target_value`, `creator`, `create_time`, `updater`, `update_time`) VALUES (465, 2, '202501', '0000', NULL, '2025-07-23 10:24:01', NULL, '2025-08-13 12:40:21');
INSERT IGNORE INTO `value_mapping` (`id`, `column_mapping_id`, `source_value`, `target_value`, `creator`, `create_time`, `updater`, `update_time`) VALUES (466, 2, '1300', '0000', NULL, '2025-07-23 10:24:01', NULL, '2025-08-13 12:40:21');
INSERT IGNORE INTO `value_mapping` (`id`, `column_mapping_id`, `source_value`, `target_value`, `creator`, `create_time`, `updater`, `update_time`) VALUES (467, 2, '1001', '0005', NULL, '2025-07-23 10:24:07', NULL, '2025-08-13 12:40:21');
INSERT IGNORE INTO `value_mapping` (`id`, `column_mapping_id`, `source_value`, `target_value`, `creator`, `create_time`, `updater`, `update_time`) VALUES (468, 2, '1002', '0008', NULL, '2025-07-23 10:24:07', NULL, '2025-08-13 12:40:21');
INSERT IGNORE INTO `value_mapping` (`id`, `column_mapping_id`, `source_value`, `target_value`, `creator`, `create_time`, `updater`, `update_time`) VALUES (469, 2, '1003', '0013', NULL, '2025-07-23 10:24:07', NULL, '2025-08-13 12:40:21');
INSERT IGNORE INTO `value_mapping` (`id`, `column_mapping_id`, `source_value`, `target_value`, `creator`, `create_time`, `updater`, `update_time`) VALUES (470, 2, '1004', '0014', NULL, '2025-07-23 10:24:07', NULL, '2025-08-13 12:40:21');
INSERT IGNORE INTO `value_mapping` (`id`, `column_mapping_id`, `source_value`, `target_value`, `creator`, `create_time`, `updater`, `update_time`) VALUES (471, 2, '1005', '0020', NULL, '2025-07-23 10:24:07', NULL, '2025-08-13 12:40:21');
INSERT IGNORE INTO `value_mapping` (`id`, `column_mapping_id`, `source_value`, `target_value`, `creator`, `create_time`, `updater`, `update_time`) VALUES (472, 2, '1006', '0028', NULL, '2025-07-23 10:24:07', NULL, '2025-08-13 12:40:21');
INSERT IGNORE INTO `value_mapping` (`id`, `column_mapping_id`, `source_value`, `target_value`, `creator`, `create_time`, `updater`, `update_time`) VALUES (473, 2, '1007', '0029', NULL, '2025-07-23 10:24:07', NULL, '2025-08-13 12:40:21');
INSERT IGNORE INTO `value_mapping` (`id`, `column_mapping_id`, `source_value`, `target_value`, `creator`, `create_time`, `updater`, `update_time`) VALUES (474, 2, '1008', '0030', NULL, '2025-07-23 10:24:07', NULL, '2025-08-13 12:40:21');
INSERT IGNORE INTO `value_mapping` (`id`, `column_mapping_id`, `source_value`, `target_value`, `creator`, `create_time`, `updater`, `update_time`) VALUES (475, 2, '1009', '0032', NULL, '2025-07-23 10:24:07', NULL, '2025-08-13 12:40:21');
INSERT IGNORE INTO `value_mapping` (`id`, `column_mapping_id`, `source_value`, `target_value`, `creator`, `create_time`, `updater`, `update_time`) VALUES (476, 2, '1011', '0034', NULL, '2025-07-23 10:24:07', NULL, '2025-08-13 12:40:21');
INSERT IGNORE INTO `value_mapping` (`id`, `column_mapping_id`, `source_value`, `target_value`, `creator`, `create_time`, `updater`, `update_time`) VALUES (477, 2, '1012', '0035', NULL, '2025-07-23 10:24:07', NULL, '2025-08-13 12:40:21');
INSERT IGNORE INTO `value_mapping` (`id`, `column_mapping_id`, `source_value`, `target_value`, `creator`, `create_time`, `updater`, `update_time`) VALUES (478, 2, '1013', '0036', NULL, '2025-07-23 10:24:07', NULL, '2025-08-13 12:40:21');
INSERT IGNORE INTO `value_mapping` (`id`, `column_mapping_id`, `source_value`, `target_value`, `creator`, `create_time`, `updater`, `update_time`) VALUES (479, 2, '1014', '0037', NULL, '2025-07-23 10:24:07', NULL, '2025-08-13 12:40:21');
INSERT IGNORE INTO `value_mapping` (`id`, `column_mapping_id`, `source_value`, `target_value`, `creator`, `create_time`, `updater`, `update_time`) VALUES (480, 2, '1015', '0038', NULL, '2025-07-23 10:24:07', NULL, '2025-08-13 12:40:21');
INSERT IGNORE INTO `value_mapping` (`id`, `column_mapping_id`, `source_value`, `target_value`, `creator`, `create_time`, `updater`, `update_time`) VALUES (481, 2, '1016', '0040', NULL, '2025-07-23 10:24:07', NULL, '2025-08-13 12:40:21');
INSERT IGNORE INTO `value_mapping` (`id`, `column_mapping_id`, `source_value`, `target_value`, `creator`, `create_time`, `updater`, `update_time`) VALUES (482, 2, '1017', '0042', NULL, '2025-07-23 10:24:07', NULL, '2025-08-13 12:40:21');
INSERT IGNORE INTO `value_mapping` (`id`, `column_mapping_id`, `source_value`, `target_value`, `creator`, `create_time`, `updater`, `update_time`) VALUES (483, 2, '1018', '0045', NULL, '2025-07-23 10:24:07', NULL, '2025-08-13 12:40:21');
INSERT IGNORE INTO `value_mapping` (`id`, `column_mapping_id`, `source_value`, `target_value`, `creator`, `create_time`, `updater`, `update_time`) VALUES (484, 2, '1019', '0046', NULL, '2025-07-23 10:24:07', NULL, '2025-08-13 12:40:21');
INSERT IGNORE INTO `value_mapping` (`id`, `column_mapping_id`, `source_value`, `target_value`, `creator`, `create_time`, `updater`, `update_time`) VALUES (485, 2, '2001', '6002', NULL, '2025-07-23 10:24:07', NULL, '2025-08-13 12:40:21');
INSERT IGNORE INTO `value_mapping` (`id`, `column_mapping_id`, `source_value`, `target_value`, `creator`, `create_time`, `updater`, `update_time`) VALUES (486, 2, '2002', '6006', NULL, '2025-07-23 10:24:07', NULL, '2025-08-13 12:40:21');
INSERT IGNORE INTO `value_mapping` (`id`, `column_mapping_id`, `source_value`, `target_value`, `creator`, `create_time`, `updater`, `update_time`) VALUES (487, 2, '2003', '6005', NULL, '2025-07-23 10:24:07', NULL, '2025-08-13 12:40:21');
INSERT IGNORE INTO `value_mapping` (`id`, `column_mapping_id`, `source_value`, `target_value`, `creator`, `create_time`, `updater`, `update_time`) VALUES (488, 2, '1020', '0047', NULL, '2025-07-23 10:24:07', NULL, '2025-08-13 12:40:21');
INSERT IGNORE INTO `value_mapping` (`id`, `column_mapping_id`, `source_value`, `target_value`, `creator`, `create_time`, `updater`, `update_time`) VALUES (489, 2, '3002', '1009', NULL, '2025-07-23 10:24:07', NULL, '2025-08-13 12:40:21');
INSERT IGNORE INTO `value_mapping` (`id`, `column_mapping_id`, `source_value`, `target_value`, `creator`, `create_time`, `updater`, `update_time`) VALUES (490, 2, '3003', '1011', NULL, '2025-07-23 10:24:07', NULL, '2025-08-13 12:40:21');
INSERT IGNORE INTO `value_mapping` (`id`, `column_mapping_id`, `source_value`, `target_value`, `creator`, `create_time`, `updater`, `update_time`) VALUES (491, 2, '3004', '1012', NULL, '2025-07-23 10:24:07', NULL, '2025-08-13 12:40:21');
INSERT IGNORE INTO `value_mapping` (`id`, `column_mapping_id`, `source_value`, `target_value`, `creator`, `create_time`, `updater`, `update_time`) VALUES (492, 2, '3005', '1013', NULL, '2025-07-23 10:24:07', NULL, '2025-08-13 12:40:21');
INSERT IGNORE INTO `value_mapping` (`id`, `column_mapping_id`, `source_value`, `target_value`, `creator`, `create_time`, `updater`, `update_time`) VALUES (493, 2, '3000', '5002', NULL, '2025-07-23 10:24:07', NULL, '2025-08-13 12:40:21');
INSERT IGNORE INTO `value_mapping` (`id`, `column_mapping_id`, `source_value`, `target_value`, `creator`, `create_time`, `updater`, `update_time`) VALUES (494, 2, '3001', '8899', NULL, '2025-07-23 10:24:07', NULL, '2025-08-13 12:40:21');

-- changeset zq:1.04
INSERT IGNORE INTO `task` (`id`, `task_name`, `source_db_id`, `source_db`, `source_table`, `detail_table`, `start_time`, `end_time`, `target_app_id`, `target_app`, `task_type`, `execute_type`, `execute_time`, `status`, `create_time`, `update_time`) VALUES (1, '门店正常商品成本结转(不包含41)', 1, '测试MySQL连接', 'at_sale', 'at_sale_line', NULL, NULL, 1, '测试MySQL连接', 'U8cwpz', 'MANUAL', '0 0 23 * * ?', 1, '2025-07-15 14:29:17', '2025-08-09 09:42:23');
INSERT IGNORE INTO `task` (`id`, `task_name`, `source_db_id`, `source_db`, `source_table`, `detail_table`, `start_time`, `end_time`, `target_app_id`, `target_app`, `task_type`, `execute_type`, `execute_time`, `status`, `create_time`, `update_time`) VALUES (2, '入库单', 1, '测试MySQL连接', 'at_pur_in', 'at_pur_in_line', NULL, NULL, 1, '测试MySQL连接', 'U8cwpz', 'MANUAL', '0 0 23 * * ?', 1, '2025-07-19 15:58:11', '2025-08-08 11:22:04');
INSERT IGNORE INTO `task` (`id`, `task_name`, `source_db_id`, `source_db`, `source_table`, `detail_table`, `start_time`, `end_time`, `target_app_id`, `target_app`, `task_type`, `execute_type`, `execute_time`, `status`, `create_time`, `update_time`) VALUES (3, '门店销售收入（只包含41分类）', 1, '测试MySQL连接', 'at_sale', 'at_sale_line', NULL, NULL, 1, '测试MySQL连接', 'U8cwpz', 'MANUAL', '0 0 23 * * ?', 0, '2025-07-21 08:44:47', '2025-08-08 10:37:09');
INSERT IGNORE INTO `task` (`id`, `task_name`, `source_db_id`, `source_db`, `source_table`, `detail_table`, `start_time`, `end_time`, `target_app_id`, `target_app`, `task_type`, `execute_type`, `execute_time`, `status`, `create_time`, `update_time`) VALUES (4, '门店销售收入（不包含41分类）', 1, '测试MySQL连接', 'at_sale', 'at_sale_line', NULL, NULL, 1, '测试MySQL连接', 'U8cwpz', 'MANUAL', '0 0 23 * * ?', 0, '2025-07-22 12:22:22', '2025-08-08 13:37:16');
INSERT IGNORE INTO `task` (`id`, `task_name`, `source_db_id`, `source_db`, `source_table`, `detail_table`, `start_time`, `end_time`, `target_app_id`, `target_app`, `task_type`, `execute_type`, `execute_time`, `status`, `create_time`, `update_time`) VALUES (5, '门店服务商品成本结转（只包含41）', 1, '测试MySQL连接', 'at_sale', 'at_sale_line', NULL, NULL, 1, '测试MySQL连接', 'U8cwpz', 'MANUAL', '0 0 23 * * ?', 0, '2025-07-22 13:24:44', '2025-08-11 15:51:41');
INSERT IGNORE INTO `task` (`id`, `task_name`, `source_db_id`, `source_db`, `source_table`, `detail_table`, `start_time`, `end_time`, `target_app_id`, `target_app`, `task_type`, `execute_type`, `execute_time`, `status`, `create_time`, `update_time`) VALUES (6, '部门之间服务商品调拨（两个门店相互调拨）只包含41', 1, '测试MySQL连接', 'at_store_tran', 'at_store_tran_line', NULL, NULL, 1, '测试MySQL连接', 'U8cwpz', 'MANUAL', '0 0 23 * * ?', 1, '2025-07-22 16:06:41', '2025-08-08 13:16:58');
INSERT IGNORE INTO `task` (`id`, `task_name`, `source_db_id`, `source_db`, `source_table`, `detail_table`, `start_time`, `end_time`, `target_app_id`, `target_app`, `task_type`, `execute_type`, `execute_time`, `status`, `create_time`, `update_time`) VALUES (7, '部门之间正常商品调拨（两个门店相互调拨）不包含41', 1, '测试MySQL连接', 'at_store_tran', 'at_store_tran_line', NULL, NULL, 1, '测试MySQL连接', 'U8cwpz', 'MANUAL', '0 0 23 * * ?', 1, '2025-07-22 16:35:59', '2025-08-08 13:16:56');
INSERT IGNORE INTO `task` (`id`, `task_name`, `source_db_id`, `source_db`, `source_table`, `detail_table`, `start_time`, `end_time`, `target_app_id`, `target_app`, `task_type`, `execute_type`, `execute_time`, `status`, `create_time`, `update_time`) VALUES (8, '服务消费', 1, '测试MySQL连接', 'at_service_cost', '', NULL, NULL, 1, '测试MySQL连接', 'U8cwpz', 'MANUAL', '0 0 23 * * ?', 1, '2025-07-22 16:42:05', '2025-08-08 11:39:01');
INSERT IGNORE INTO `task` (`id`, `task_name`, `source_db_id`, `source_db`, `source_table`, `detail_table`, `start_time`, `end_time`, `target_app_id`, `target_app`, `task_type`, `execute_type`, `execute_time`, `status`, `create_time`, `update_time`) VALUES (9, '服务卡销售预存款', 1, '测试MySQL连接', 'at_service_card', 'at_service_card_line', NULL, NULL, 1, '测试MySQL连接', 'U8cwpz', 'MANUAL', '0 0 23 * * ?', 1, '2025-07-22 16:46:07', '2025-08-08 10:34:23');
INSERT IGNORE INTO `task` (`id`, `task_name`, `source_db_id`, `source_db`, `source_table`, `detail_table`, `start_time`, `end_time`, `target_app_id`, `target_app`, `task_type`, `execute_type`, `execute_time`, `status`, `create_time`, `update_time`) VALUES (10, '服务项目部顾客消费成本', 1, '测试MySQL连接', 'at_service_box', '', NULL, NULL, 1, '测试MySQL连接', 'U8cwpz', 'MANUAL', '0 0 23 * * ?', 1, '2025-07-22 16:49:25', '2025-08-08 13:46:39');
INSERT IGNORE INTO `task` (`id`, `task_name`, `source_db_id`, `source_db`, `source_table`, `detail_table`, `start_time`, `end_time`, `target_app_id`, `target_app`, `task_type`, `execute_type`, `execute_time`, `status`, `create_time`, `update_time`) VALUES (11, '服务项目部销售商品收入（只包含41）', 1, '测试MySQL连接', 'at_service_card', 'at_service_card_line', NULL, NULL, 1, '测试MySQL连接', 'U8cwpz', 'MANUAL', '0 0 23 * * ?', 1, '2025-07-22 16:52:12', '2025-08-08 13:44:40');
INSERT IGNORE INTO `task` (`id`, `task_name`, `source_db_id`, `source_db`, `source_table`, `detail_table`, `start_time`, `end_time`, `target_app_id`, `target_app`, `task_type`, `execute_type`, `execute_time`, `status`, `create_time`, `update_time`) VALUES (12, '返厂单', 1, '测试MySQL连接', 'at_pur_ret', 'at_pur_ret_line', NULL, NULL, 1, '测试MySQL连接', 'U8cwpz', 'MANUAL', '0 0 23 * * ?', 1, '2025-07-22 16:57:50', '2025-08-08 11:17:34');
INSERT IGNORE INTO `task` (`id`, `task_name`, `source_db_id`, `source_db`, `source_table`, `detail_table`, `start_time`, `end_time`, `target_app_id`, `target_app`, `task_type`, `execute_type`, `execute_time`, `status`, `create_time`, `update_time`) VALUES (13, '服务项目领用物料(盘点类型是4或5，包含41）', 1, '测试MySQL连接', 'at_stock_take', 'at_stock_take_line', NULL, NULL, 1, '测试MySQL连接', 'U8cwpz', 'MANUAL', '0 0 23 * * ?', 0, '2025-07-22 17:01:41', '2025-08-08 13:06:53');
INSERT IGNORE INTO `task` (`id`, `task_name`, `source_db_id`, `source_db`, `source_table`, `detail_table`, `start_time`, `end_time`, `target_app_id`, `target_app`, `task_type`, `execute_type`, `execute_time`, `status`, `create_time`, `update_time`) VALUES (14, '正常商品平负库存调整成本（盘点类型1,或2或6）不包含41', 1, '测试MySQL连接', 'at_stock_take', 'at_stock_take_line', NULL, NULL, 1, '测试MySQL连接', 'U8cwpz', 'MANUAL', '0 0 23 * * ?', 1, '2025-07-23 08:47:04', '2025-08-08 14:02:22');
INSERT IGNORE INTO `task` (`id`, `task_name`, `source_db_id`, `source_db`, `source_table`, `detail_table`, `start_time`, `end_time`, `target_app_id`, `target_app`, `task_type`, `execute_type`, `execute_time`, `status`, `create_time`, `update_time`) VALUES (15, '服务商品平负库存调整成本（盘点类型1,或2或6）只包含41', 1, '测试MySQL连接', 'at_stock_take', 'at_stock_take_line', NULL, NULL, 1, '测试MySQL连接', 'U8cwpz', 'MANUAL', '0 0 23 * * ?', 0, '2025-07-23 08:47:26', '2025-08-08 13:51:23');
INSERT IGNORE INTO `task` (`id`, `task_name`, `source_db_id`, `source_db`, `source_table`, `detail_table`, `start_time`, `end_time`, `target_app_id`, `target_app`, `task_type`, `execute_type`, `execute_time`, `status`, `create_time`, `update_time`) VALUES (16, '返厂单（只包含总仓）', 1, '测试MySQL连接', 'at_pur_ret', 'at_pur_ret_line', NULL, NULL, 1, '测试MySQL连接', 'U8cwpz', 'MANUAL', '0 0 23 * * ?', 1, '2025-07-23 10:21:43', '2025-08-08 11:17:57');
INSERT IGNORE INTO `task` (`id`, `task_name`, `source_db_id`, `source_db`, `source_table`, `detail_table`, `start_time`, `end_time`, `target_app_id`, `target_app`, `task_type`, `execute_type`, `execute_time`, `status`, `create_time`, `update_time`) VALUES (17, '入库单（只包含总仓）', 1, '测试MySQL连接', 'at_pur_in', 'at_pur_in_line', NULL, NULL, 1, '测试MySQL连接', 'U8cwpz', 'MANUAL', '0 0 23 * * ?', 1, '2025-07-24 16:18:44', '2025-08-08 11:20:26');
INSERT IGNORE INTO `task` (`id`, `task_name`, `source_db_id`, `source_db`, `source_table`, `detail_table`, `start_time`, `end_time`, `target_app_id`, `target_app`, `task_type`, `execute_type`, `execute_time`, `status`, `create_time`, `update_time`) VALUES (18, '测试任务（系统调试用）', 1, '测试MySQL连接', 'at_pur_in', '1123', NULL, NULL, 1, '测试MySQL连接', 'U8cwpz', 'MANUAL', '0 0 23 * * ?', 0, '2025-08-06 08:40:36', '2025-08-11 11:09:34');

-- changeset zq:1.05
INSERT IGNORE INTO `task_voucher_head` (`id`, `task_id`, `db_name`, `account_name`, `voucher_key`, `voucher_word`, `voucher_date`, `business_date`, `attachment_count`, `creator`, `create_time`, `update_time`) VALUES (1, 1, 'UFDATA_999_2025', '', 'FBillNo', '记', '2025-07-01', NULL, 0, '华创机器人', '2025-07-15 15:29:28', '2025-08-09 09:40:54');
INSERT IGNORE INTO `task_voucher_head` (`id`, `task_id`, `db_name`, `account_name`, `voucher_key`, `voucher_word`, `voucher_date`, `business_date`, `attachment_count`, `creator`, `create_time`, `update_time`) VALUES (2, 2, 'UFDATA_999_2025', '', 'FOrderNo', '记', '', NULL, 0, '华创机器人', '2025-07-19 16:01:28', '2025-07-24 10:03:49');
INSERT IGNORE INTO `task_voucher_head` (`id`, `task_id`, `db_name`, `account_name`, `voucher_key`, `voucher_word`, `voucher_date`, `business_date`, `attachment_count`, `creator`, `create_time`, `update_time`) VALUES (3, 3, 'UFDATA_999_2025', '', 'FBillNo', '记', '', NULL, 0, '华创机器人', '2025-07-21 08:48:03', '2025-07-24 10:55:52');
INSERT IGNORE INTO `task_voucher_head` (`id`, `task_id`, `db_name`, `account_name`, `voucher_key`, `voucher_word`, `voucher_date`, `business_date`, `attachment_count`, `creator`, `create_time`, `update_time`) VALUES (4, 4, 'UFDATA_999_2025', '', 'FBillNo', '记', '', NULL, 0, '华创机器人', '2025-07-22 12:25:33', '2025-08-08 13:37:39');
INSERT IGNORE INTO `task_voucher_head` (`id`, `task_id`, `db_name`, `account_name`, `voucher_key`, `voucher_word`, `voucher_date`, `business_date`, `attachment_count`, `creator`, `create_time`, `update_time`) VALUES (5, 5, 'UFDATA_999_2025', '', 'FBillNo', '记', '', NULL, 0, '华创机器人', '2025-07-22 14:07:29', '2025-08-08 13:20:30');
INSERT IGNORE INTO `task_voucher_head` (`id`, `task_id`, `db_name`, `account_name`, `voucher_key`, `voucher_word`, `voucher_date`, `business_date`, `attachment_count`, `creator`, `create_time`, `update_time`) VALUES (6, 6, 'UFDATA_999_2025', '', 'FID', '记', '', NULL, 0, '华创机器人', '2025-07-22 16:08:03', '2025-07-28 15:30:55');
INSERT IGNORE INTO `task_voucher_head` (`id`, `task_id`, `db_name`, `account_name`, `voucher_key`, `voucher_word`, `voucher_date`, `business_date`, `attachment_count`, `creator`, `create_time`, `update_time`) VALUES (7, 7, 'UFDATA_999_2025', '', 'FID', '记', '', NULL, 0, '华创机器人', '2025-07-22 16:38:01', '2025-08-08 13:16:50');
INSERT IGNORE INTO `task_voucher_head` (`id`, `task_id`, `db_name`, `account_name`, `voucher_key`, `voucher_word`, `voucher_date`, `business_date`, `attachment_count`, `creator`, `create_time`, `update_time`) VALUES (8, 8, 'UFDATA_999_2025', '', 'FID', '记', '', NULL, 0, '华创机器人', '2025-07-22 16:42:50', '2025-07-24 09:40:52');
INSERT IGNORE INTO `task_voucher_head` (`id`, `task_id`, `db_name`, `account_name`, `voucher_key`, `voucher_word`, `voucher_date`, `business_date`, `attachment_count`, `creator`, `create_time`, `update_time`) VALUES (9, 9, 'UFDATA_999_2025', '', 'FBillNo', '记', '', NULL, 0, '华创机器人', '2025-07-22 16:46:34', '2025-08-08 10:29:44');
INSERT IGNORE INTO `task_voucher_head` (`id`, `task_id`, `db_name`, `account_name`, `voucher_key`, `voucher_word`, `voucher_date`, `business_date`, `attachment_count`, `creator`, `create_time`, `update_time`) VALUES (10, 10, 'UFDATA_999_2025', '', 'FBillNo', '记', '', NULL, 0, '华创机器人', '2025-07-22 16:49:56', '2025-08-08 13:42:05');
INSERT IGNORE INTO `task_voucher_head` (`id`, `task_id`, `db_name`, `account_name`, `voucher_key`, `voucher_word`, `voucher_date`, `business_date`, `attachment_count`, `creator`, `create_time`, `update_time`) VALUES (11, 11, 'UFDATA_999_2025', '', 'FBillNo', '记', '', NULL, 0, '华创机器人', '2025-07-22 16:53:14', '2025-08-08 13:44:22');
INSERT IGNORE INTO `task_voucher_head` (`id`, `task_id`, `db_name`, `account_name`, `voucher_key`, `voucher_word`, `voucher_date`, `business_date`, `attachment_count`, `creator`, `create_time`, `update_time`) VALUES (12, 12, 'UFDATA_999_2025', '', 'FID', '记', '', NULL, 0, '华创机器人', '2025-07-22 16:58:46', '2025-07-23 14:04:41');
INSERT IGNORE INTO `task_voucher_head` (`id`, `task_id`, `db_name`, `account_name`, `voucher_key`, `voucher_word`, `voucher_date`, `business_date`, `attachment_count`, `creator`, `create_time`, `update_time`) VALUES (13, 13, 'UFDATA_999_2025', '', 'FID', '记', '', NULL, 0, '华创机器人', '2025-07-22 17:02:26', '2025-07-23 15:08:51');
INSERT IGNORE INTO `task_voucher_head` (`id`, `task_id`, `db_name`, `account_name`, `voucher_key`, `voucher_word`, `voucher_date`, `business_date`, `attachment_count`, `creator`, `create_time`, `update_time`) VALUES (14, 14, 'UFDATA_999_2025', '', 'FID', '记', '2025-07-10', NULL, 0, '华创机器人', '2025-07-23 09:01:15', '2025-08-08 13:47:31');
INSERT IGNORE INTO `task_voucher_head` (`id`, `task_id`, `db_name`, `account_name`, `voucher_key`, `voucher_word`, `voucher_date`, `business_date`, `attachment_count`, `creator`, `create_time`, `update_time`) VALUES (15, 15, '41414', '41414', 'FOrgType', '44', '2025-07-10', NULL, 3, '444', '2025-07-23 09:13:42', '2025-07-23 15:50:45');
INSERT IGNORE INTO `task_voucher_head` (`id`, `task_id`, `db_name`, `account_name`, `voucher_key`, `voucher_word`, `voucher_date`, `business_date`, `attachment_count`, `creator`, `create_time`, `update_time`) VALUES (16, 16, 'UFDATA_999_2025', '', 'FMaterialID', '记', '2025-07-02', NULL, 0, '华创机器人', '2025-07-23 16:12:34', '2025-08-08 10:48:58');
INSERT IGNORE INTO `task_voucher_head` (`id`, `task_id`, `db_name`, `account_name`, `voucher_key`, `voucher_word`, `voucher_date`, `business_date`, `attachment_count`, `creator`, `create_time`, `update_time`) VALUES (17, 17, 'UFDATA_999_2025', '', 'FMaterialID', '记', '', NULL, 0, '华创机器人', '2025-07-24 16:20:27', '2025-08-08 10:46:01');
INSERT IGNORE INTO `task_voucher_head` (`id`, `task_id`, `db_name`, `account_name`, `voucher_key`, `voucher_word`, `voucher_date`, `business_date`, `attachment_count`, `creator`, `create_time`, `update_time`) VALUES (18, 18, '测试数据库0001', '账套001', 'FID', '001', '2025-08-12', NULL, 3, 'admin', '2025-08-06 08:41:09', '2025-08-07 13:20:41');

-- changeset zq:1.06
INSERT IGNORE INTO `task_voucher_entries` (`id`, `task_id`, `summary`, `direction`, `amount`, `supplier_related`, `department_accounting`) VALUES (1, 1, '门店正常商品成本结转', '借', 'FStockPrice', 0, 1);
INSERT IGNORE INTO `task_voucher_entries` (`id`, `task_id`, `summary`, `direction`, `amount`, `supplier_related`, `department_accounting`) VALUES (2, 1, '门店正常商品成本结转', '贷', 'FStockPrice', 0, 1);
INSERT IGNORE INTO `task_voucher_entries` (`id`, `task_id`, `summary`, `direction`, `amount`, `supplier_related`, `department_accounting`) VALUES (3, 2, '入库库存商品（门店）', '借', 'FAllAmount', 0, 1);
INSERT IGNORE INTO `task_voucher_entries` (`id`, `task_id`, `summary`, `direction`, `amount`, `supplier_related`, `department_accounting`) VALUES (4, 2, '入库库存商品（门店）', '贷', 'FAllAmount', 1, 0);
INSERT IGNORE INTO `task_voucher_entries` (`id`, `task_id`, `summary`, `direction`, `amount`, `supplier_related`, `department_accounting`) VALUES (5, 3, '门店服务商品销售收入', '借', 'FAllAmount', 0, 0);
INSERT IGNORE INTO `task_voucher_entries` (`id`, `task_id`, `summary`, `direction`, `amount`, `supplier_related`, `department_accounting`) VALUES (6, 3, '门店服务商品销售收入', '贷', 'FAllAmount', 0, 1);
INSERT IGNORE INTO `task_voucher_entries` (`id`, `task_id`, `summary`, `direction`, `amount`, `supplier_related`, `department_accounting`) VALUES (7, 4, '门店正常商品销售收入', '借', 'FAllAmount', 0, 0);
INSERT IGNORE INTO `task_voucher_entries` (`id`, `task_id`, `summary`, `direction`, `amount`, `supplier_related`, `department_accounting`) VALUES (8, 4, '门店正常商品销售收入', '贷', 'FAllAmount', 0, 1);
INSERT IGNORE INTO `task_voucher_entries` (`id`, `task_id`, `summary`, `direction`, `amount`, `supplier_related`, `department_accounting`) VALUES (9, 5, '门店服务商品成本结转', '借', 'FStockPrice', 0, 1);
INSERT IGNORE INTO `task_voucher_entries` (`id`, `task_id`, `summary`, `direction`, `amount`, `supplier_related`, `department_accounting`) VALUES (10, 5, '门店服务商品成本结转', '贷', 'FStockPrice', 0, 1);
INSERT IGNORE INTO `task_voucher_entries` (`id`, `task_id`, `summary`, `direction`, `amount`, `supplier_related`, `department_accounting`) VALUES (11, 6, '部门之间服务商品调拨', '借', 'FInAmount', 0, 1);
INSERT IGNORE INTO `task_voucher_entries` (`id`, `task_id`, `summary`, `direction`, `amount`, `supplier_related`, `department_accounting`) VALUES (12, 6, '部门之间服务商品调拨', '贷', 'FInAmount', 0, 1);
INSERT IGNORE INTO `task_voucher_entries` (`id`, `task_id`, `summary`, `direction`, `amount`, `supplier_related`, `department_accounting`) VALUES (13, 7, '部门之间正常商品调拨', '借', 'FInAmount', 0, 1);
INSERT IGNORE INTO `task_voucher_entries` (`id`, `task_id`, `summary`, `direction`, `amount`, `supplier_related`, `department_accounting`) VALUES (14, 7, '部门之间正常商品调拨', '贷', 'FInAmount', 0, 1);
INSERT IGNORE INTO `task_voucher_entries` (`id`, `task_id`, `summary`, `direction`, `amount`, `supplier_related`, `department_accounting`) VALUES (15, 8, '服务消费', '借', 'FMoney', 0, 1);
INSERT IGNORE INTO `task_voucher_entries` (`id`, `task_id`, `summary`, `direction`, `amount`, `supplier_related`, `department_accounting`) VALUES (16, 8, '服务消费', '贷', 'FMoney', 0, 1);
INSERT IGNORE INTO `task_voucher_entries` (`id`, `task_id`, `summary`, `direction`, `amount`, `supplier_related`, `department_accounting`) VALUES (17, 9, '服务卡销售预存款', '借', 'FTotalPrice', 0, 1);
INSERT IGNORE INTO `task_voucher_entries` (`id`, `task_id`, `summary`, `direction`, `amount`, `supplier_related`, `department_accounting`) VALUES (18, 9, '服务卡销售预存款', '贷', 'FTotalPrice', 0, 1);
INSERT IGNORE INTO `task_voucher_entries` (`id`, `task_id`, `summary`, `direction`, `amount`, `supplier_related`, `department_accounting`) VALUES (19, 10, '服务项目部顾客消费成本', '借', 'FTotalPrice', 0, 1);
INSERT IGNORE INTO `task_voucher_entries` (`id`, `task_id`, `summary`, `direction`, `amount`, `supplier_related`, `department_accounting`) VALUES (20, 10, '服务项目部顾客消费成本', '贷', 'FTotalPrice', 0, 1);
INSERT IGNORE INTO `task_voucher_entries` (`id`, `task_id`, `summary`, `direction`, `amount`, `supplier_related`, `department_accounting`) VALUES (21, 11, '服务项目部销售商品收入', '借', 'FTotalPrice', 0, 1);
INSERT IGNORE INTO `task_voucher_entries` (`id`, `task_id`, `summary`, `direction`, `amount`, `supplier_related`, `department_accounting`) VALUES (22, 11, '服务项目部销售商品收入', '贷', 'FTotalPrice', 0, 1);
INSERT IGNORE INTO `task_voucher_entries` (`id`, `task_id`, `summary`, `direction`, `amount`, `supplier_related`, `department_accounting`) VALUES (23, 12, '退货库存商品（门店）', '借', 'FAllAmount', 0, 1);
INSERT IGNORE INTO `task_voucher_entries` (`id`, `task_id`, `summary`, `direction`, `amount`, `supplier_related`, `department_accounting`) VALUES (24, 12, '退货库存商品（门店）', '贷', 'FAllAmount', 1, 0);
INSERT IGNORE INTO `task_voucher_entries` (`id`, `task_id`, `summary`, `direction`, `amount`, `supplier_related`, `department_accounting`) VALUES (25, 13, '服务项目领用物料', '借', '', 0, 1);
INSERT IGNORE INTO `task_voucher_entries` (`id`, `task_id`, `summary`, `direction`, `amount`, `supplier_related`, `department_accounting`) VALUES (26, 13, '服务项目领用物料', '贷', '', 0, 1);
INSERT IGNORE INTO `task_voucher_entries` (`id`, `task_id`, `summary`, `direction`, `amount`, `supplier_related`, `department_accounting`) VALUES (27, 14, '正常商品平负库存调整成本', '借', 'FOrgType', 0, 1);
INSERT IGNORE INTO `task_voucher_entries` (`id`, `task_id`, `summary`, `direction`, `amount`, `supplier_related`, `department_accounting`) VALUES (28, 14, '正常商品平负库存调整成本', '贷', '', 0, 1);
INSERT IGNORE INTO `task_voucher_entries` (`id`, `task_id`, `summary`, `direction`, `amount`, `supplier_related`, `department_accounting`) VALUES (29, 15, '服务商品平负库存调整成本', '借', 'FMaterialID', 0, 1);
INSERT IGNORE INTO `task_voucher_entries` (`id`, `task_id`, `summary`, `direction`, `amount`, `supplier_related`, `department_accounting`) VALUES (30, 15, '服务商品平负库存调整成本', '贷', '', 0, 1);
INSERT IGNORE INTO `task_voucher_entries` (`id`, `task_id`, `summary`, `direction`, `amount`, `supplier_related`, `department_accounting`) VALUES (31, 16, '退货库存商品（总仓）', '借', 'FAllAmount', 0, 1);
INSERT IGNORE INTO `task_voucher_entries` (`id`, `task_id`, `summary`, `direction`, `amount`, `supplier_related`, `department_accounting`) VALUES (32, 16, '退货+单号', '贷', 'FAllAmount', 1, 0);
INSERT IGNORE INTO `task_voucher_entries` (`id`, `task_id`, `summary`, `direction`, `amount`, `supplier_related`, `department_accounting`) VALUES (33, 17, '入库库存商品（总仓）', '借', 'FAllAmount', 0, 1);
INSERT IGNORE INTO `task_voucher_entries` (`id`, `task_id`, `summary`, `direction`, `amount`, `supplier_related`, `department_accounting`) VALUES (34, 17, '入库+单号', '贷', 'FAllAmount', 1, 0);
INSERT IGNORE INTO `task_voucher_entries` (`id`, `task_id`, `summary`, `direction`, `amount`, `supplier_related`, `department_accounting`) VALUES (35, 18, '1213', '借', 'FDepNumber', 0, 1);
INSERT IGNORE INTO `task_voucher_entries` (`id`, `task_id`, `summary`, `direction`, `amount`, `supplier_related`, `department_accounting`) VALUES (36, 18, '123452', '借', 'sync_flag', 1, 0);

-- changeset zq:1.07
INSERT IGNORE INTO `db_connections` (`id`, `connection_name`, `connection_type`, `db_host`, `db_port`, `db_name`, `username`, `password`, `charset`, `creator`, `create_time`, `updater`, `update_time`, `is_deleted`) VALUES (1, '测试MySQL连接', 'MYSQL', '127.0.0.1', 3306, 'aite', 'root', 'Root@1234', 'utf8', NULL, '2025-07-01 13:47:34', NULL, '2025-07-02 14:00:36', 0);
